task,variant,seed,n_params,label,seq_len,token_acc,seq_acc
assoc_recall,alibi,0,3163904,L1,39,1.0,1.0
assoc_recall,alibi,0,3163904,L2,95,1.0,1.0
assoc_recall,alibi,0,3163904,L3,191,0.9998697916666667,0.9989583333333333
assoc_recall,alibi,0,3163904,L4,383,0.9916666666666667,0.9333333333333333
assoc_recall,alibi,1,3163904,L1,39,1.0,1.0
assoc_recall,alibi,1,3163904,L2,95,1.0,1.0
assoc_recall,alibi,1,3163904,L3,191,1.0,1.0
assoc_recall,alibi,1,3163904,L4,383,0.999609375,0.996875
assoc_recall,alibi,2,3163904,L1,39,0.25677083333333334,0.0
assoc_recall,alibi,2,3163904,L2,95,0.2584635416666667,0.0
assoc_recall,alibi,2,3163904,L3,191,0.25638020833333336,0.0
assoc_recall,alibi,2,3163904,L4,383,0.23619791666666667,0.0
assoc_recall,cable,0,3172128,L1,39,1.0,1.0
assoc_recall,cable,0,3172128,L2,95,1.0,1.0
assoc_recall,cable,0,3172128,L3,191,1.0,1.0
assoc_recall,cable,0,3172128,L4,383,1.0,1.0
assoc_recall,cable,1,3172128,L1,39,1.0,1.0
assoc_recall,cable,1,3172128,L2,95,1.0,1.0
assoc_recall,cable,1,3172128,L3,191,1.0,1.0
assoc_recall,cable,1,3172128,L4,383,1.0,1.0
assoc_recall,cable,2,3172128,L1,39,1.0,1.0
assoc_recall,cable,2,3172128,L2,95,1.0,1.0
assoc_recall,cable,2,3172128,L3,191,1.0,1.0
assoc_recall,cable,2,3172128,L4,383,1.0,1.0
assoc_recall,learned,0,3262464,L1,39,0.24895833333333334,0.0
assoc_recall,learned,0,3262464,L2,95,0.22747395833333334,0.0
assoc_recall,learned,0,3262464,L3,191,0.22239583333333332,0.0
assoc_recall,learned,0,3262464,L4,383,0.214453125,0.0
assoc_recall,learned,1,3262464,L1,39,0.25729166666666664,0.0
assoc_recall,learned,1,3262464,L2,95,0.248828125,0.0
assoc_recall,learned,1,3262464,L3,191,0.24375,0.0
assoc_recall,learned,1,3262464,L4,383,0.23515625,0.0
assoc_recall,learned,2,3262464,L1,39,0.2584635416666667,0.0
assoc_recall,learned,2,3262464,L2,95,0.24427083333333333,0.0
assoc_recall,learned,2,3262464,L3,191,0.24153645833333334,0.0
assoc_recall,learned,2,3262464,L4,383,0.23424479166666667,0.0
assoc_recall,nope,0,3163904,L1,39,0.2513020833333333,0.0
assoc_recall,nope,0,3163904,L2,95,0.24973958333333332,0.0
assoc_recall,nope,0,3163904,L3,191,0.248046875,0.0
assoc_recall,nope,0,3163904,L4,383,0.23645833333333333,0.0
assoc_recall,nope,1,3163904,L1,39,0.25807291666666665,0.0
assoc_recall,nope,1,3163904,L2,95,0.2591145833333333,0.0
assoc_recall,nope,1,3163904,L3,191,0.25755208333333335,0.0
assoc_recall,nope,1,3163904,L4,383,0.19596354166666666,0.0
assoc_recall,nope,2,3163904,L1,39,0.25625,0.0
assoc_recall,nope,2,3163904,L2,95,0.2552083333333333,0.0
assoc_recall,nope,2,3163904,L3,191,0.2532552083333333,0.0
assoc_recall,nope,2,3163904,L4,383,0.21901041666666668,0.0
assoc_recall,rope,0,3163904,L1,39,0.245703125,0.0
assoc_recall,rope,0,3163904,L2,95,0.24973958333333332,0.0
assoc_recall,rope,0,3163904,L3,191,0.24375,0.0
assoc_recall,rope,0,3163904,L4,383,0.24869791666666666,0.0
assoc_recall,rope,1,3163904,L1,39,0.257421875,0.0
assoc_recall,rope,1,3163904,L2,95,0.2559895833333333,0.0
assoc_recall,rope,1,3163904,L3,191,0.2591145833333333,0.0
assoc_recall,rope,1,3163904,L4,383,0.26328125,0.0
assoc_recall,rope,2,3163904,L1,39,0.257421875,0.0
assoc_recall,rope,2,3163904,L2,95,0.2576822916666667,0.0
assoc_recall,rope,2,3163904,L3,191,0.25416666666666665,0.0
assoc_recall,rope,2,3163904,L4,383,0.2537760416666667,0.0
assoc_recall,semrf_hard,0,3250307,L1,39,1.0,1.0
assoc_recall,semrf_hard,0,3250307,L2,95,0.9975260416666667,0.9802083333333333
assoc_recall,semrf_hard,0,3250307,L3,191,0.8009114583333333,0.12083333333333333
assoc_recall,semrf_hard,0,3250307,L4,383,0.5014322916666667,0.0
assoc_recall,semrf_hard,1,3250307,L1,39,1.0,1.0
assoc_recall,semrf_hard,1,3250307,L2,95,0.8360677083333333,0.21041666666666667
assoc_recall,semrf_hard,1,3250307,L3,191,0.38919270833333336,0.0
assoc_recall,semrf_hard,1,3250307,L4,383,0.38841145833333335,0.0
assoc_recall,semrf_K64,0,3266819,L1,39,1.0,1.0
assoc_recall,semrf_K64,0,3266819,L2,95,0.8830729166666667,0.34375
assoc_recall,semrf_K64,0,3266819,L3,191,0.391796875,0.0
assoc_recall,semrf_K64,0,3266819,L4,383,0.38671875,0.0
assoc_recall,semrf_K64,1,3266819,L1,39,1.0,1.0
assoc_recall,semrf_K64,1,3266819,L2,95,0.9173177083333334,0.490625
assoc_recall,semrf_K64,1,3266819,L3,191,0.39869791666666665,0.0
assoc_recall,semrf_K64,1,3266819,L4,383,0.38502604166666665,0.0
assoc_recall,semrf_K8,0,3248003,L1,39,0.5954427083333333,0.023958333333333335
assoc_recall,semrf_K8,0,3248003,L2,95,0.43671875,0.004166666666666667
assoc_recall,semrf_K8,0,3248003,L3,191,0.33033854166666665,0.0010416666666666667
assoc_recall,semrf_K8,0,3248003,L4,383,0.2813802083333333,0.0
assoc_recall,semrf_K8,1,3248003,L1,39,1.0,1.0
assoc_recall,semrf_K8,1,3248003,L2,95,0.7567708333333333,0.08645833333333333
assoc_recall,semrf_K8,1,3248003,L3,191,0.38528645833333336,0.0
assoc_recall,semrf_K8,1,3248003,L4,383,0.38567708333333334,0.0
assoc_recall,semrf_no_res,0,3233923,L1,39,0.25026041666666665,0.0
assoc_recall,semrf_no_res,0,3233923,L2,95,0.2513020833333333,0.0
assoc_recall,semrf_no_res,0,3233923,L3,191,0.25078125,0.0
assoc_recall,semrf_no_res,0,3233923,L4,383,0.24869791666666666,0.0
assoc_recall,semrf_no_res,1,3233923,L1,39,1.0,1.0
assoc_recall,semrf_no_res,1,3233923,L2,95,0.959375,0.70625
assoc_recall,semrf_no_res,1,3233923,L3,191,0.4147135416666667,0.0
assoc_recall,semrf_no_res,1,3233923,L4,383,0.38515625,0.0
assoc_recall,semrf_no_sem,0,3250051,L1,39,1.0,1.0
assoc_recall,semrf_no_sem,0,3250051,L2,95,0.6697916666666667,0.03125
assoc_recall,semrf_no_sem,0,3250051,L3,191,0.3848958333333333,0.0
assoc_recall,semrf_no_sem,0,3250051,L4,383,0.384765625,0.0
assoc_recall,semrf_no_sem,1,3250051,L1,39,1.0,1.0
assoc_recall,semrf_no_sem,1,3250051,L2,95,0.9888020833333333,0.9125
assoc_recall,semrf_no_sem,1,3250051,L3,191,0.59453125,0.007291666666666667
assoc_recall,semrf_no_sem,1,3250051,L4,383,0.3854166666666667,0.0
assoc_recall,semrf_no_time,0,3250179,L1,39,0.3131510416666667,0.0
assoc_recall,semrf_no_time,0,3250179,L2,95,0.31328125,0.0
assoc_recall,semrf_no_time,0,3250179,L3,191,0.3087239583333333,0.0
assoc_recall,semrf_no_time,0,3250179,L4,383,0.22916666666666666,0.0
assoc_recall,semrf_no_time,1,3250179,L1,39,0.32721354166666666,0.0
assoc_recall,semrf_no_time,1,3250179,L2,95,0.32669270833333336,0.0
assoc_recall,semrf_no_time,1,3250179,L3,191,0.32057291666666665,0.0
assoc_recall,semrf_no_time,1,3250179,L4,383,0.31145833333333334,0.0
assoc_recall,semrf,0,3250307,L1,39,1.0,1.0
assoc_recall,semrf,0,3250307,L2,95,0.7690104166666667,0.090625
assoc_recall,semrf,0,3250307,L3,191,0.3868489583333333,0.0
assoc_recall,semrf,0,3250307,L4,383,0.384375,0.0
assoc_recall,semrf,1,3250307,L1,39,1.0,1.0
assoc_recall,semrf,1,3250307,L2,95,0.925,0.5322916666666667
assoc_recall,semrf,1,3250307,L3,191,0.38958333333333334,0.0
assoc_recall,semrf,1,3250307,L4,383,0.38424479166666664,0.0
assoc_recall,semrf,2,3250307,L1,39,1.0,1.0
assoc_recall,semrf,2,3250307,L2,95,0.90390625,0.421875
assoc_recall,semrf,2,3250307,L3,191,0.389453125,0.0
assoc_recall,semrf,2,3250307,L4,383,0.38763020833333334,0.0
assoc_recall,sinusoidal,0,3163904,L1,39,0.240234375,0.0
assoc_recall,sinusoidal,0,3163904,L2,95,0.22916666666666666,0.0
assoc_recall,sinusoidal,0,3163904,L3,191,0.028255208333333334,0.0
assoc_recall,sinusoidal,0,3163904,L4,383,0.0020833333333333333,0.0
assoc_recall,sinusoidal,1,3163904,L1,39,0.254296875,0.0
assoc_recall,sinusoidal,1,3163904,L2,95,0.22473958333333333,0.0
assoc_recall,sinusoidal,1,3163904,L3,191,0.19166666666666668,0.0
assoc_recall,sinusoidal,1,3163904,L4,383,0.17395833333333333,0.0
assoc_recall,sinusoidal,2,3163904,L1,39,0.219140625,0.0
assoc_recall,sinusoidal,2,3163904,L2,95,0.21197916666666666,0.0
assoc_recall,sinusoidal,2,3163904,L3,191,0.18893229166666667,0.0
assoc_recall,sinusoidal,2,3163904,L4,383,0.16653645833333333,0.0
assoc_recall,t5,0,3164160,L1,39,0.25026041666666665,0.0
assoc_recall,t5,0,3164160,L2,95,0.249609375,0.0
assoc_recall,t5,0,3164160,L3,191,0.24934895833333334,0.0
assoc_recall,t5,0,3164160,L4,383,0.25026041666666665,0.0
assoc_recall,t5,1,3164160,L1,39,0.2559895833333333,0.0
assoc_recall,t5,1,3164160,L2,95,0.25755208333333335,0.0
assoc_recall,t5,1,3164160,L3,191,0.25924479166666664,0.0
assoc_recall,t5,1,3164160,L4,383,0.26028645833333336,0.0
assoc_recall,t5,2,3164160,L1,39,0.25703125,0.0
assoc_recall,t5,2,3164160,L2,95,0.25481770833333334,0.0
assoc_recall,t5,2,3164160,L3,191,0.25755208333333335,0.0
assoc_recall,t5,2,3164160,L4,383,0.2584635416666667,0.0
assoc_recall_hard,alibi,0,3163904,L1,47,0.28229166666666666,0.0
assoc_recall_hard,alibi,0,3163904,L2,95,0.276953125,0.0
assoc_recall_hard,alibi,0,3163904,L3,191,0.2708333333333333,0.0
assoc_recall_hard,alibi,0,3163904,L4,383,0.25221354166666665,0.0
assoc_recall_hard,alibi,1,3163904,L1,47,0.33828125,0.0010416666666666667
assoc_recall_hard,alibi,1,3163904,L2,95,0.3399739583333333,0.0010416666666666667
assoc_recall_hard,alibi,1,3163904,L3,191,0.32643229166666665,0.0010416666666666667
assoc_recall_hard,alibi,1,3163904,L4,383,0.308203125,0.0
assoc_recall_hard,alibi,2,3163904,L1,47,0.3123697916666667,0.0
assoc_recall_hard,alibi,2,3163904,L2,95,0.310546875,0.0
assoc_recall_hard,alibi,2,3163904,L3,191,0.30755208333333334,0.0
assoc_recall_hard,alibi,2,3163904,L4,383,0.296484375,0.0
assoc_recall_hard,learned,0,3262464,L1,47,0.223828125,0.0
assoc_recall_hard,learned,0,3262464,L2,95,0.233984375,0.0
assoc_recall_hard,learned,0,3262464,L3,191,0.23359375,0.0
assoc_recall_hard,learned,0,3262464,L4,383,0.22916666666666666,0.0
assoc_recall_hard,learned,1,3262464,L1,47,0.23815104166666667,0.0
assoc_recall_hard,learned,1,3262464,L2,95,0.24296875,0.0
assoc_recall_hard,learned,1,3262464,L3,191,0.24427083333333333,0.0
assoc_recall_hard,learned,1,3262464,L4,383,0.24153645833333334,0.0
assoc_recall_hard,learned,2,3262464,L1,47,0.23190104166666667,0.0
assoc_recall_hard,learned,2,3262464,L2,95,0.24075520833333333,0.0
assoc_recall_hard,learned,2,3262464,L3,191,0.241015625,0.0
assoc_recall_hard,learned,2,3262464,L4,383,0.230078125,0.0
assoc_recall_hard,nope,0,3163904,L1,47,0.24973958333333332,0.0
assoc_recall_hard,nope,0,3163904,L2,95,0.24908854166666666,0.0
assoc_recall_hard,nope,0,3163904,L3,191,0.249609375,0.0
assoc_recall_hard,nope,0,3163904,L4,383,0.24752604166666667,0.0
assoc_recall_hard,nope,1,3163904,L1,47,0.2615885416666667,0.0
assoc_recall_hard,nope,1,3163904,L2,95,0.2618489583333333,0.0
assoc_recall_hard,nope,1,3163904,L3,191,0.2571614583333333,0.0
assoc_recall_hard,nope,1,3163904,L4,383,0.2552083333333333,0.0
assoc_recall_hard,nope,2,3163904,L1,47,0.26223958333333336,0.0
assoc_recall_hard,nope,2,3163904,L2,95,0.259765625,0.0
assoc_recall_hard,nope,2,3163904,L3,191,0.260546875,0.0
assoc_recall_hard,nope,2,3163904,L4,383,0.25,0.0
assoc_recall_hard,rope,0,3163904,L1,47,0.24986979166666667,0.0
assoc_recall_hard,rope,0,3163904,L2,95,0.24973958333333332,0.0
assoc_recall_hard,rope,0,3163904,L3,191,0.24674479166666666,0.0
assoc_recall_hard,rope,0,3163904,L4,383,0.248828125,0.0
assoc_recall_hard,rope,1,3163904,L1,47,0.26067708333333334,0.0
assoc_recall_hard,rope,1,3163904,L2,95,0.25729166666666664,0.0
assoc_recall_hard,rope,1,3163904,L3,191,0.25755208333333335,0.0
assoc_recall_hard,rope,1,3163904,L4,383,0.22955729166666666,0.0
assoc_recall_hard,rope,2,3163904,L1,47,0.25729166666666664,0.0
assoc_recall_hard,rope,2,3163904,L2,95,0.25729166666666664,0.0
assoc_recall_hard,rope,2,3163904,L3,191,0.25625,0.0
assoc_recall_hard,rope,2,3163904,L4,383,0.18580729166666668,0.0
assoc_recall_hard,semrf_hard,0,3250307,L1,47,1.0,1.0
assoc_recall_hard,semrf_hard,0,3250307,L2,95,1.0,1.0
assoc_recall_hard,semrf_hard,0,3250307,L3,191,0.9876302083333334,0.903125
assoc_recall_hard,semrf_hard,0,3250307,L4,383,0.8670572916666667,0.275
assoc_recall_hard,semrf_hard,1,3250307,L1,47,0.25729166666666664,0.0
assoc_recall_hard,semrf_hard,1,3250307,L2,95,0.2579427083333333,0.0
assoc_recall_hard,semrf_hard,1,3250307,L3,191,0.25703125,0.0
assoc_recall_hard,semrf_hard,1,3250307,L4,383,0.24973958333333332,0.0
assoc_recall_hard,semrf_K64,0,3266819,L1,47,0.2942708333333333,0.0
assoc_recall_hard,semrf_K64,0,3266819,L2,95,0.2911458333333333,0.0
assoc_recall_hard,semrf_K64,0,3266819,L3,191,0.27265625,0.0
assoc_recall_hard,semrf_K64,0,3266819,L4,383,0.25494791666666666,0.0
assoc_recall_hard,semrf_K64,1,3266819,L1,47,0.328515625,0.0
assoc_recall_hard,semrf_K64,1,3266819,L2,95,0.32643229166666665,0.0010416666666666667
assoc_recall_hard,semrf_K64,1,3266819,L3,191,0.31927083333333334,0.0
assoc_recall_hard,semrf_K64,1,3266819,L4,383,0.298828125,0.0
assoc_recall_hard,semrf_K8,0,3248003,L1,47,0.32278645833333336,0.0010416666666666667
assoc_recall_hard,semrf_K8,0,3248003,L2,95,0.322265625,0.0010416666666666667
assoc_recall_hard,semrf_K8,0,3248003,L3,191,0.316015625,0.0010416666666666667
assoc_recall_hard,semrf_K8,0,3248003,L4,383,0.3,0.0010416666666666667
assoc_recall_hard,semrf_K8,1,3248003,L1,47,0.40989583333333335,0.0020833333333333333
assoc_recall_hard,semrf_K8,1,3248003,L2,95,0.401171875,0.0020833333333333333
assoc_recall_hard,semrf_K8,1,3248003,L3,191,0.3619791666666667,0.0010416666666666667
assoc_recall_hard,semrf_K8,1,3248003,L4,383,0.28046875,0.0
assoc_recall_hard,semrf_no_res,0,3233923,L1,47,0.24986979166666667,0.0
assoc_recall_hard,semrf_no_res,0,3233923,L2,95,0.249609375,0.0
assoc_recall_hard,semrf_no_res,0,3233923,L3,191,0.2518229166666667,0.0
assoc_recall_hard,semrf_no_res,0,3233923,L4,383,0.24440104166666668,0.0
assoc_recall_hard,semrf_no_res,1,3233923,L1,47,0.27838541666666666,0.0
assoc_recall_hard,semrf_no_res,1,3233923,L2,95,0.28072916666666664,0.0
assoc_recall_hard,semrf_no_res,1,3233923,L3,191,0.27447916666666666,0.0
assoc_recall_hard,semrf_no_res,1,3233923,L4,383,0.251953125,0.0
assoc_recall_hard,semrf_no_sem,0,3250051,L1,47,1.0,1.0
assoc_recall_hard,semrf_no_sem,0,3250051,L2,95,0.9998697916666667,0.9989583333333333
assoc_recall_hard,semrf_no_sem,0,3250051,L3,191,0.4095052083333333,0.0
assoc_recall_hard,semrf_no_sem,0,3250051,L4,383,0.38372395833333334,0.0
assoc_recall_hard,semrf_no_sem,1,3250051,L1,47,0.258203125,0.0
assoc_recall_hard,semrf_no_sem,1,3250051,L2,95,0.25638020833333336,0.0
assoc_recall_hard,semrf_no_sem,1,3250051,L3,191,0.2576822916666667,0.0
assoc_recall_hard,semrf_no_sem,1,3250051,L4,383,0.25859375,0.0
assoc_recall_hard,semrf_no_time,0,3250179,L1,47,0.25052083333333336,0.0
assoc_recall_hard,semrf_no_time,0,3250179,L2,95,0.2520833333333333,0.0
assoc_recall_hard,semrf_no_time,0,3250179,L3,191,0.2506510416666667,0.0
assoc_recall_hard,semrf_no_time,0,3250179,L4,383,0.25026041666666665,0.0
assoc_recall_hard,semrf_no_time,1,3250179,L1,47,0.25703125,0.0
assoc_recall_hard,semrf_no_time,1,3250179,L2,95,0.2557291666666667,0.0
assoc_recall_hard,semrf_no_time,1,3250179,L3,191,0.2584635416666667,0.0
assoc_recall_hard,semrf_no_time,1,3250179,L4,383,0.2571614583333333,0.0
assoc_recall_hard,semrf,0,3250307,L1,47,1.0,1.0
assoc_recall_hard,semrf,0,3250307,L2,95,1.0,1.0
assoc_recall_hard,semrf,0,3250307,L3,191,0.9805989583333333,0.846875
assoc_recall_hard,semrf,0,3250307,L4,383,0.8157552083333334,0.14895833333333333
assoc_recall_hard,semrf,1,3250307,L1,47,0.33541666666666664,0.0010416666666666667
assoc_recall_hard,semrf,1,3250307,L2,95,0.33502604166666666,0.0010416666666666667
assoc_recall_hard,semrf,1,3250307,L3,191,0.33346354166666664,0.0010416666666666667
assoc_recall_hard,semrf,1,3250307,L4,383,0.32135416666666666,0.0010416666666666667
assoc_recall_hard,semrf,2,3250307,L1,47,0.2708333333333333,0.0
assoc_recall_hard,semrf,2,3250307,L2,95,0.271484375,0.0
assoc_recall_hard,semrf,2,3250307,L3,191,0.2671875,0.0
assoc_recall_hard,semrf,2,3250307,L4,383,0.26263020833333334,0.0
assoc_recall_hard,sinusoidal,0,3163904,L1,47,0.08255208333333333,0.0
assoc_recall_hard,sinusoidal,0,3163904,L2,95,0.16692708333333334,0.0
assoc_recall_hard,sinusoidal,0,3163904,L3,191,0.11575520833333333,0.0
assoc_recall_hard,sinusoidal,0,3163904,L4,383,0.010416666666666666,0.0
assoc_recall_hard,sinusoidal,1,3163904,L1,47,0.09049479166666667,0.0
assoc_recall_hard,sinusoidal,1,3163904,L2,95,0.14322916666666666,0.0
assoc_recall_hard,sinusoidal,1,3163904,L3,191,0.08502604166666666,0.0
assoc_recall_hard,sinusoidal,1,3163904,L4,383,0.06354166666666666,0.0
assoc_recall_hard,sinusoidal,2,3163904,L1,47,0.066796875,0.0
assoc_recall_hard,sinusoidal,2,3163904,L2,95,0.12786458333333334,0.0
assoc_recall_hard,sinusoidal,2,3163904,L3,191,0.09700520833333333,0.0
assoc_recall_hard,sinusoidal,2,3163904,L4,383,0.08880208333333334,0.0
assoc_recall_hard,t5,0,3164160,L1,47,0.24921875,0.0
assoc_recall_hard,t5,0,3164160,L2,95,0.25078125,0.0
assoc_recall_hard,t5,0,3164160,L3,191,0.244140625,0.0
assoc_recall_hard,t5,0,3164160,L4,383,0.22200520833333334,0.0
assoc_recall_hard,t5,1,3164160,L1,47,0.25859375,0.0
assoc_recall_hard,t5,1,3164160,L2,95,0.2576822916666667,0.0
assoc_recall_hard,t5,1,3164160,L3,191,0.25859375,0.0
assoc_recall_hard,t5,1,3164160,L4,383,0.255078125,0.0
assoc_recall_hard,t5,2,3164160,L1,47,0.32916666666666666,0.0010416666666666667
assoc_recall_hard,t5,2,3164160,L2,95,0.3274739583333333,0.0010416666666666667
assoc_recall_hard,t5,2,3164160,L3,191,0.312109375,0.0010416666666666667
assoc_recall_hard,t5,2,3164160,L4,383,0.27890625,0.0010416666666666667
selective_copy,alibi,0,3160064,L1,144,0.999609375,0.99375
selective_copy,alibi,0,3160064,L2,272,0.9706380208333333,0.6395833333333333
selective_copy,alibi,0,3160064,L3,400,0.844140625,0.06979166666666667
selective_copy,alibi,0,3160064,L4,528,0.6796875,0.0010416666666666667
selective_copy,alibi,1,3160064,L1,144,0.9994791666666667,0.9916666666666667
selective_copy,alibi,1,3160064,L2,272,0.9696614583333333,0.640625
selective_copy,alibi,1,3160064,L3,400,0.8448567708333333,0.084375
selective_copy,alibi,1,3160064,L4,528,0.6994140625,0.005208333333333333
selective_copy,alibi,2,3160064,L1,144,0.9994791666666667,0.9916666666666667
selective_copy,alibi,2,3160064,L2,272,0.9716145833333333,0.6708333333333333
selective_copy,alibi,2,3160064,L3,400,0.8489583333333334,0.08541666666666667
selective_copy,alibi,2,3160064,L4,528,0.706640625,0.00625
selective_copy,cable,0,3168288,L1,144,0.1296875,0.0
selective_copy,cable,0,3168288,L2,272,0.12903645833333333,0.0
selective_copy,cable,0,3168288,L3,400,0.12825520833333334,0.0
selective_copy,cable,0,3168288,L4,528,0.12083333333333333,0.0
selective_copy,cable,1,3168288,L1,144,0.17942708333333332,0.0
selective_copy,cable,1,3168288,L2,272,0.18072916666666666,0.0
selective_copy,cable,1,3168288,L3,400,0.178125,0.0
selective_copy,cable,1,3168288,L4,528,0.17272135416666667,0.0
selective_copy,cable,2,3168288,L1,144,0.22317708333333333,0.0
selective_copy,cable,2,3168288,L2,272,0.21920572916666667,0.0
selective_copy,cable,2,3168288,L3,400,0.21516927083333334,0.0
selective_copy,cable,2,3168288,L4,528,0.20787760416666667,0.0
selective_copy,learned,0,3295744,L1,144,1.0,1.0
selective_copy,learned,0,3295744,L2,272,0.151953125,0.0
selective_copy,learned,0,3295744,L3,400,0.12037760416666667,0.0
selective_copy,learned,0,3295744,L4,528,0.1130859375,0.0
selective_copy,learned,1,3295744,L1,144,1.0,1.0
selective_copy,learned,1,3295744,L2,272,0.1291015625,0.0
selective_copy,learned,1,3295744,L3,400,0.09837239583333333,0.0
selective_copy,learned,1,3295744,L4,528,0.11197916666666667,0.0
selective_copy,learned,2,3295744,L1,144,1.0,1.0
selective_copy,learned,2,3295744,L2,272,0.0857421875,0.0
selective_copy,learned,2,3295744,L3,400,0.06764322916666667,0.0
selective_copy,learned,2,3295744,L4,528,0.06966145833333333,0.0
selective_copy,nope,0,3160064,L1,144,0.9994140625,0.9916666666666667
selective_copy,nope,0,3160064,L2,272,0.9992838541666667,0.990625
selective_copy,nope,0,3160064,L3,400,0.99453125,0.9447916666666667
selective_copy,nope,0,3160064,L4,528,0.9761067708333333,0.7947916666666667
selective_copy,nope,1,3160064,L1,144,0.999609375,0.99375
selective_copy,nope,1,3160064,L2,272,0.9971354166666667,0.9572916666666667
selective_copy,nope,1,3160064,L3,400,0.9419270833333333,0.5072916666666667
selective_copy,nope,1,3160064,L4,528,0.73984375,0.04583333333333333
selective_copy,nope,2,3160064,L1,144,0.9997395833333333,0.9958333333333333
selective_copy,nope,2,3160064,L2,272,0.9977864583333333,0.9666666666666667
selective_copy,nope,2,3160064,L3,400,0.9732421875,0.725
selective_copy,nope,2,3160064,L4,528,0.8719401041666667,0.24479166666666666
selective_copy,rope,0,3160064,L1,144,0.9998697916666667,0.9979166666666667
selective_copy,rope,0,3160064,L2,272,0.1814453125,0.0
selective_copy,rope,0,3160064,L3,400,0.11393229166666667,0.0
selective_copy,rope,0,3160064,L4,528,0.07526041666666666,0.0
selective_copy,rope,1,3160064,L1,144,0.9995442708333333,0.9927083333333333
selective_copy,rope,1,3160064,L2,272,0.20455729166666667,0.0
selective_copy,rope,1,3160064,L3,400,0.1330078125,0.0
selective_copy,rope,1,3160064,L4,528,0.09368489583333334,0.0
selective_copy,rope,2,3160064,L1,144,0.9998046875,0.996875
selective_copy,rope,2,3160064,L2,272,0.17057291666666666,0.0
selective_copy,rope,2,3160064,L3,400,0.15013020833333332,0.0
selective_copy,rope,2,3160064,L4,528,0.1166015625,0.0
selective_copy,semrf_hard,0,3246467,L1,144,0.998828125,0.98125
selective_copy,semrf_hard,0,3246467,L2,272,0.9755859375,0.7
selective_copy,semrf_hard,0,3246467,L3,400,0.8492838541666666,0.08958333333333333
selective_copy,semrf_hard,0,3246467,L4,528,0.6553385416666667,0.0020833333333333333
selective_copy,semrf_hard,1,3246467,L1,144,0.9993489583333334,0.9895833333333334
selective_copy,semrf_hard,1,3246467,L2,272,0.9768880208333334,0.6958333333333333
selective_copy,semrf_hard,1,3246467,L3,400,0.8653645833333333,0.06354166666666666
selective_copy,semrf_hard,1,3246467,L4,528,0.70546875,0.0020833333333333333
selective_copy,semrf_K64,0,3262979,L1,144,0.9993489583333334,0.9895833333333334
selective_copy,semrf_K64,0,3262979,L2,272,0.9744791666666667,0.6854166666666667
selective_copy,semrf_K64,0,3262979,L3,400,0.879296875,0.12916666666666668
selective_copy,semrf_K64,0,3262979,L4,528,0.7483723958333334,0.010416666666666666
selective_copy,semrf_K64,1,3262979,L1,144,0.9990234375,0.984375
selective_copy,semrf_K64,1,3262979,L2,272,0.9834635416666667,0.76875
selective_copy,semrf_K64,1,3262979,L3,400,0.9241536458333334,0.28020833333333334
selective_copy,semrf_K64,1,3262979,L4,528,0.8263671875,0.03958333333333333
selective_copy,semrf_K8,0,3244163,L1,144,0.9994140625,0.990625
selective_copy,semrf_K8,0,3244163,L2,272,0.9679036458333333,0.640625
selective_copy,semrf_K8,0,3244163,L3,400,0.8450520833333334,0.06354166666666666
selective_copy,semrf_K8,0,3244163,L4,528,0.6797526041666667,0.004166666666666667
selective_copy,semrf_K8,1,3244163,L1,144,0.9995442708333333,0.9927083333333333
selective_copy,semrf_K8,1,3244163,L2,272,0.989453125,0.8510416666666667
selective_copy,semrf_K8,1,3244163,L3,400,0.9348958333333334,0.346875
selective_copy,semrf_K8,1,3244163,L4,528,0.8421223958333334,0.07083333333333333
selective_copy,semrf_no_res,0,3230083,L1,144,0.9994140625,0.990625
selective_copy,semrf_no_res,0,3230083,L2,272,0.9777994791666667,0.709375
selective_copy,semrf_no_res,0,3230083,L3,400,0.8652994791666667,0.11041666666666666
selective_copy,semrf_no_res,0,3230083,L4,528,0.69453125,0.007291666666666667
selective_copy,semrf_no_res,1,3230083,L1,144,0.9993489583333334,0.9895833333333334
selective_copy,semrf_no_res,1,3230083,L2,272,0.9805338541666667,0.7416666666666667
selective_copy,semrf_no_res,1,3230083,L3,400,0.889453125,0.16145833333333334
selective_copy,semrf_no_res,1,3230083,L4,528,0.7503255208333334,0.013541666666666667
selective_copy,semrf_no_sem,0,3246211,L1,144,0.9990885416666667,0.9854166666666667
selective_copy,semrf_no_sem,0,3246211,L2,272,0.9779296875,0.7197916666666667
selective_copy,semrf_no_sem,0,3246211,L3,400,0.8590494791666666,0.09375
selective_copy,semrf_no_sem,0,3246211,L4,528,0.6881510416666666,0.004166666666666667
selective_copy,semrf_no_sem,1,3246211,L1,144,0.9991536458333333,0.9864583333333333
selective_copy,semrf_no_sem,1,3246211,L2,272,0.977734375,0.715625
selective_copy,semrf_no_sem,1,3246211,L3,400,0.8669270833333333,0.115625
selective_copy,semrf_no_sem,1,3246211,L4,528,0.7093098958333334,0.00625
selective_copy,semrf_no_time,0,3246339,L1,144,0.9991536458333333,0.9864583333333333
selective_copy,semrf_no_time,0,3246339,L2,272,0.9968098958333333,0.9572916666666667
selective_copy,semrf_no_time,0,3246339,L3,400,0.9501302083333333,0.5166666666666667
selective_copy,semrf_no_time,0,3246339,L4,528,0.7815755208333334,0.05416666666666667
selective_copy,semrf_no_time,1,3246339,L1,144,0.9997395833333333,0.9958333333333333
selective_copy,semrf_no_time,1,3246339,L2,272,0.998828125,0.990625
selective_copy,semrf_no_time,1,3246339,L3,400,0.9922526041666667,0.9333333333333333
selective_copy,semrf_no_time,1,3246339,L4,528,0.9711588541666667,0.7989583333333333
selective_copy,semrf,0,3246467,L1,144,0.9991536458333333,0.9864583333333333
selective_copy,semrf,0,3246467,L2,272,0.9693359375,0.6302083333333334
selective_copy,semrf,0,3246467,L3,400,0.8348958333333333,0.06041666666666667
selective_copy,semrf,0,3246467,L4,528,0.6486328125,0.003125
selective_copy,semrf,1,3246467,L1,144,0.9992838541666667,0.9885416666666667
selective_copy,semrf,1,3246467,L2,272,0.9811848958333333,0.7479166666666667
selective_copy,semrf,1,3246467,L3,400,0.88515625,0.140625
selective_copy,semrf,1,3246467,L4,528,0.7325520833333333,0.0125
selective_copy,semrf,2,3246467,L1,144,0.9986979166666666,0.9822916666666667
selective_copy,semrf,2,3246467,L2,272,0.9848307291666667,0.7916666666666666
selective_copy,semrf,2,3246467,L3,400,0.9182291666666667,0.253125
selective_copy,semrf,2,3246467,L4,528,0.8007161458333333,0.01875
selective_copy,sinusoidal,0,3160064,L1,144,0.0609375,0.0
selective_copy,sinusoidal,0,3160064,L2,272,0.0609375,0.0
selective_copy,sinusoidal,0,3160064,L3,400,0.0609375,0.0
selective_copy,sinusoidal,0,3160064,L4,528,0.0609375,0.0
selective_copy,sinusoidal,1,3160064,L1,144,0.0630859375,0.0
selective_copy,sinusoidal,1,3160064,L2,272,0.0630859375,0.0
selective_copy,sinusoidal,1,3160064,L3,400,0.0630859375,0.0
selective_copy,sinusoidal,1,3160064,L4,528,0.0630859375,0.0
selective_copy,sinusoidal,2,3160064,L1,144,0.06145833333333333,0.0
selective_copy,sinusoidal,2,3160064,L2,272,0.06145833333333333,0.0
selective_copy,sinusoidal,2,3160064,L3,400,0.06145833333333333,0.0
selective_copy,sinusoidal,2,3160064,L4,528,0.06145833333333333,0.0
selective_copy,t5,0,3160320,L1,144,0.9999348958333333,0.9989583333333333
selective_copy,t5,0,3160320,L2,272,0.9944661458333334,0.9177083333333333
selective_copy,t5,0,3160320,L3,400,0.969140625,0.6427083333333333
selective_copy,t5,0,3160320,L4,528,0.9219401041666667,0.34791666666666665
selective_copy,t5,1,3160320,L1,144,0.9997395833333333,0.9958333333333333
selective_copy,t5,1,3160320,L2,272,0.9969401041666667,0.9604166666666667
selective_copy,t5,1,3160320,L3,400,0.9877604166666667,0.8770833333333333
selective_copy,t5,1,3160320,L4,528,0.9696614583333333,0.7364583333333333
selective_copy,t5,2,3160320,L1,144,0.9998697916666667,0.9979166666666667
selective_copy,t5,2,3160320,L2,272,0.9972005208333333,0.9604166666666667
selective_copy,t5,2,3160320,L3,400,0.9876302083333334,0.8270833333333333
selective_copy,t5,2,3160320,L4,528,0.9580078125,0.525
temporal_recency,alibi,0,3161088,L1,95,1.0,1.0
temporal_recency,alibi,0,3161088,L2,191,1.0,1.0
temporal_recency,alibi,0,3161088,L3,287,0.9999632007948628,0.9979166666666667
temporal_recency,alibi,0,3161088,L4,383,0.999986260150314,0.9989583333333333
temporal_recency,alibi,1,3161088,L1,95,1.0,1.0
temporal_recency,alibi,1,3161088,L2,191,1.0,1.0
temporal_recency,alibi,1,3161088,L3,287,0.9999633659376488,0.9979166666666667
temporal_recency,alibi,1,3161088,L4,383,0.9999725651577503,0.9979166666666667
temporal_recency,alibi,2,3161088,L1,95,1.0,1.0
temporal_recency,alibi,2,3161088,L2,191,0.9999724107487723,0.9989583333333333
temporal_recency,alibi,2,3161088,L3,287,0.999945179445947,0.996875
temporal_recency,alibi,2,3161088,L4,383,1.0,1.0
temporal_recency,cable,0,3169312,L1,95,1.0,1.0
temporal_recency,cable,0,3169312,L2,191,0.9999722145040288,0.9989583333333333
temporal_recency,cable,0,3169312,L3,287,0.9999448011922942,0.996875
temporal_recency,cable,0,3169312,L4,383,0.999986260150314,0.9989583333333333
temporal_recency,cable,1,3169312,L1,95,1.0,1.0
temporal_recency,cable,1,3169312,L2,191,1.0,1.0
temporal_recency,cable,1,3169312,L3,287,0.9999633659376488,0.9979166666666667
temporal_recency,cable,1,3169312,L4,383,0.9999862825788751,0.9989583333333333
temporal_recency,cable,2,3169312,L1,95,1.0,1.0
temporal_recency,cable,2,3169312,L2,191,1.0,1.0
temporal_recency,cable,2,3169312,L3,287,1.0,1.0
temporal_recency,cable,2,3169312,L4,383,1.0,1.0
temporal_recency,learned,0,3259648,L1,95,0.9999435506632797,0.9989583333333333
temporal_recency,learned,0,3259648,L2,191,0.5401222561822728,0.0
temporal_recency,learned,0,3259648,L3,287,0.3792158089385269,0.0
temporal_recency,learned,0,3259648,L4,383,0.3003668539866174,0.0
temporal_recency,learned,1,3259648,L1,95,1.0,1.0
temporal_recency,learned,1,3259648,L2,191,0.6961972881168705,0.0
temporal_recency,learned,1,3259648,L3,287,0.4799245338315566,0.0
temporal_recency,learned,1,3259648,L4,383,0.3769272976680384,0.0
temporal_recency,learned,2,3259648,L1,95,1.0,1.0
temporal_recency,learned,2,3259648,L2,191,0.7292114991999117,0.0
temporal_recency,learned,2,3259648,L3,287,0.5075286894232878,0.0
temporal_recency,learned,2,3259648,L4,383,0.3949510843538346,0.0
temporal_recency,nope,0,3161088,L1,95,0.3953147050522156,0.0
temporal_recency,nope,0,3161088,L2,191,0.3397332592386774,0.0
temporal_recency,nope,0,3161088,L3,287,0.2725533128484425,0.0
temporal_recency,nope,0,3161088,L4,383,0.20440774377928306,0.0
temporal_recency,nope,1,3161088,L1,95,0.9997748888513703,0.9958333333333333
temporal_recency,nope,1,3161088,L2,191,0.9500704205904283,0.18125
temporal_recency,nope,1,3161088,L3,287,0.8139539143495622,0.0
temporal_recency,nope,1,3161088,L4,383,0.6845953360768176,0.0
temporal_recency,nope,2,3161088,L1,95,0.9991597109405636,0.9864583333333333
temporal_recency,nope,2,3161088,L2,191,0.9094520774706174,0.09895833333333333
temporal_recency,nope,2,3161088,L3,287,0.6945033257802792,0.0
temporal_recency,nope,2,3161088,L4,383,0.549702401313539,0.0
temporal_recency,rope,0,3161088,L1,95,1.0,1.0
temporal_recency,rope,0,3161088,L2,191,0.9976938038343984,0.921875
temporal_recency,rope,0,3161088,L3,287,0.9673959042484682,0.23333333333333334
temporal_recency,rope,0,3161088,L4,383,0.9435704373394155,0.025
temporal_recency,rope,1,3161088,L1,95,0.4066070122122798,0.0
temporal_recency,rope,1,3161088,L2,191,0.3473530142774295,0.0
temporal_recency,rope,1,3161088,L3,287,0.3089899989009781,0.0
temporal_recency,rope,1,3161088,L4,383,0.27329218106995884,0.0
temporal_recency,rope,2,3161088,L1,95,0.4018822474931376,0.0
temporal_recency,rope,2,3161088,L2,191,0.3532803619709761,0.0
temporal_recency,rope,2,3161088,L3,287,0.32769899861121266,0.0
temporal_recency,rope,2,3161088,L4,383,0.3042758431962783,0.0
temporal_recency,semrf_hard,0,3247491,L1,95,1.0,1.0
temporal_recency,semrf_hard,0,3247491,L2,191,0.9999722145040288,0.9989583333333333
temporal_recency,semrf_hard,0,3247491,L3,287,1.0,1.0
temporal_recency,semrf_hard,0,3247491,L4,383,0.999986260150314,0.9989583333333333
temporal_recency,semrf_hard,1,3247491,L1,95,1.0,1.0
temporal_recency,semrf_hard,1,3247491,L2,191,0.9999723840821849,0.9989583333333333
temporal_recency,semrf_hard,1,3247491,L3,287,0.9999633659376488,0.9979166666666667
temporal_recency,semrf_hard,1,3247491,L4,383,0.999917695473251,0.99375
temporal_recency,semrf_K64,0,3264003,L1,95,1.0,1.0
temporal_recency,semrf_K64,0,3264003,L2,191,0.9999722145040288,0.9989583333333333
temporal_recency,semrf_K64,0,3264003,L3,287,0.9999632007948628,0.9979166666666667
temporal_recency,semrf_K64,0,3264003,L4,383,0.9999313007515698,0.9947916666666666
temporal_recency,semrf_K64,1,3264003,L1,95,1.0,1.0
temporal_recency,semrf_K64,1,3264003,L2,191,0.9999723840821849,0.9989583333333333
temporal_recency,semrf_K64,1,3264003,L3,287,0.9999633659376488,0.9979166666666667
temporal_recency,semrf_K64,1,3264003,L4,383,0.9999588477366255,0.996875
temporal_recency,semrf_K8,0,3245187,L1,95,1.0,1.0
temporal_recency,semrf_K8,0,3245187,L2,191,0.9999722145040288,0.9989583333333333
temporal_recency,semrf_K8,0,3245187,L3,287,0.9999448011922942,0.996875
temporal_recency,semrf_K8,0,3245187,L4,383,0.9999313007515698,0.9947916666666666
temporal_recency,semrf_K8,1,3245187,L1,95,1.0,1.0
temporal_recency,semrf_K8,1,3245187,L2,191,1.0,1.0
temporal_recency,semrf_K8,1,3245187,L3,287,0.9999633659376488,0.9979166666666667
temporal_recency,semrf_K8,1,3245187,L4,383,0.9999451303155007,0.9958333333333333
temporal_recency,semrf_no_res,0,3231107,L1,95,1.0,1.0
temporal_recency,semrf_no_res,0,3231107,L2,191,1.0,1.0
temporal_recency,semrf_no_res,0,3231107,L3,287,1.0,1.0
temporal_recency,semrf_no_res,0,3231107,L4,383,0.9999725203006279,0.9979166666666667
temporal_recency,semrf_no_res,1,3231107,L1,95,1.0,1.0
temporal_recency,semrf_no_res,1,3231107,L2,191,1.0,1.0
temporal_recency,semrf_no_res,1,3231107,L3,287,0.9999633659376488,0.9979166666666667
temporal_recency,semrf_no_res,1,3231107,L4,383,0.9999451303155007,0.9958333333333333
temporal_recency,semrf_no_sem,0,3247235,L1,95,1.0,1.0
temporal_recency,semrf_no_sem,0,3247235,L2,191,0.9999722145040288,0.9989583333333333
temporal_recency,semrf_no_sem,0,3247235,L3,287,0.9999448011922942,0.996875
temporal_recency,semrf_no_sem,0,3247235,L4,383,0.9999725203006279,0.9979166666666667
temporal_recency,semrf_no_sem,1,3247235,L1,95,1.0,1.0
temporal_recency,semrf_no_sem,1,3247235,L2,191,0.9999723840821849,0.9989583333333333
temporal_recency,semrf_no_sem,1,3247235,L3,287,0.9999633659376488,0.9979166666666667
temporal_recency,semrf_no_sem,1,3247235,L4,383,0.9999314128943758,0.9947916666666666
temporal_recency,semrf_no_time,0,3247363,L1,95,0.9971775331639853,0.953125
temporal_recency,semrf_no_time,0,3247363,L2,191,0.875215337593776,0.016666666666666666
temporal_recency,semrf_no_time,0,3247363,L3,287,0.6981913190675081,0.0
temporal_recency,semrf_no_time,0,3247363,L4,383,0.576084417636471,0.0
temporal_recency,semrf_no_time,1,3247363,L1,95,0.9974112217907591,0.9541666666666667
temporal_recency,semrf_no_time,1,3247363,L2,191,0.8432244345640827,0.003125
temporal_recency,semrf_no_time,1,3247363,L3,287,0.66084185075283,0.0
temporal_recency,semrf_no_time,1,3247363,L4,383,0.5142112482853224,0.0
temporal_recency,semrf,0,3247491,L1,95,1.0,1.0
temporal_recency,semrf,0,3247491,L2,191,1.0,1.0
temporal_recency,semrf,0,3247491,L3,287,1.0,1.0
temporal_recency,semrf,0,3247491,L4,383,0.9999450406012558,0.9958333333333333
temporal_recency,semrf,1,3247491,L1,95,1.0,1.0
temporal_recency,semrf,1,3247491,L2,191,0.9999723840821849,0.9989583333333333
temporal_recency,semrf,1,3247491,L3,287,0.9998900978129465,0.99375
temporal_recency,semrf,1,3247491,L4,383,0.9998628257887517,0.9895833333333334
temporal_recency,semrf,2,3247491,L1,95,1.0,1.0
temporal_recency,semrf,2,3247491,L2,191,0.9999724107487723,0.9989583333333333
temporal_recency,semrf,2,3247491,L3,287,1.0,1.0
temporal_recency,semrf,2,3247491,L4,383,1.0,1.0
temporal_recency,sinusoidal,0,3161088,L1,95,0.39243578887948066,0.0
temporal_recency,sinusoidal,0,3161088,L2,191,0.24734648513475965,0.0
temporal_recency,sinusoidal,0,3161088,L3,287,0.1839776260832766,0.0
temporal_recency,sinusoidal,0,3161088,L4,383,0.15295200670504663,0.0
temporal_recency,sinusoidal,1,3161088,L1,95,0.400585288986437,0.0
temporal_recency,sinusoidal,1,3161088,L2,191,0.24881941951340752,0.0
temporal_recency,sinusoidal,1,3161088,L3,287,0.18298714144411474,0.0
temporal_recency,sinusoidal,1,3161088,L4,383,0.15415637860082304,0.0
temporal_recency,sinusoidal,2,3161088,L1,95,0.39196683659178755,0.0
temporal_recency,sinusoidal,2,3161088,L2,191,0.24504772940462397,0.0
temporal_recency,sinusoidal,2,3161088,L3,287,0.18571376361377093,0.0
temporal_recency,sinusoidal,2,3161088,L4,383,0.15349250872272013,0.0
temporal_recency,t5,0,3161344,L1,95,0.9999435506632797,0.9989583333333333
temporal_recency,t5,0,3161344,L2,191,0.639622117254793,0.0
temporal_recency,t5,0,3161344,L3,287,0.5056394781872712,0.0
temporal_recency,t5,0,3161344,L4,383,0.48301067586320606,0.0
temporal_recency,t5,1,3161344,L1,95,0.404974956384715,0.0
temporal_recency,t5,1,3161344,L2,191,0.33630664715141806,0.0
temporal_recency,t5,1,3161344,L3,287,0.3099791185844598,0.0
temporal_recency,t5,1,3161344,L4,383,0.29385459533607683,0.0
temporal_recency,t5,2,3161344,L1,95,0.4035068063413814,0.0
temporal_recency,t5,2,3161344,L2,191,0.3360922584561055,0.0
temporal_recency,t5,2,3161344,L3,287,0.30763467582779036,0.0
temporal_recency,t5,2,3161344,L4,383,0.29390435793938563,0.0
