task,variant,seed,n_params,distance,acc,n
assoc_recall,alibi,0,3163904,7.53810082063306,1.0,1706
assoc_recall,alibi,0,3163904,11.390158172231986,1.0,1707
assoc_recall,alibi,0,3163904,13.827768014059753,1.0,1707
assoc_recall,alibi,0,3163904,15.74208675263775,1.0,1706
assoc_recall,alibi,0,3163904,17.540714704159345,1.0,1707
assoc_recall,alibi,0,3163904,19.19742237844171,1.0,1707
assoc_recall,alibi,0,3163904,20.64126611957796,1.0,1706
assoc_recall,alibi,0,3163904,22.333333333333332,1.0,1707
assoc_recall,alibi,0,3163904,24.013473930872877,1.0,1707
assoc_recall,alibi,0,3163904,25.95896834701055,1.0,1706
assoc_recall,alibi,0,3163904,28.31927357937903,1.0,1707
assoc_recall,alibi,0,3163904,32.3585237258348,1.0,1707
assoc_recall,alibi,1,3163904,7.589097303634232,1.0,1706
assoc_recall,alibi,1,3163904,11.579964850615115,1.0,1707
assoc_recall,alibi,1,3163904,14.039250146455771,1.0,1707
assoc_recall,alibi,1,3163904,16.019343493552167,1.0,1706
assoc_recall,alibi,1,3163904,17.68424135910955,1.0,1707
assoc_recall,alibi,1,3163904,19.38722905682484,1.0,1707
assoc_recall,alibi,1,3163904,20.80187573270809,1.0,1706
assoc_recall,alibi,1,3163904,22.398359695371997,1.0,1707
assoc_recall,alibi,1,3163904,24.080257762155828,1.0,1707
assoc_recall,alibi,1,3163904,26.070926143024618,1.0,1706
assoc_recall,alibi,1,3163904,28.623315758640892,1.0,1707
assoc_recall,alibi,1,3163904,32.62272993555946,1.0,1707
assoc_recall,alibi,2,3163904,7.531066822977726,0.2924970691676436,1706
assoc_recall,alibi,2,3163904,11.549502050380784,0.29466900995899237,1707
assoc_recall,alibi,2,3163904,13.971880492091389,0.2823667252489748,1707
assoc_recall,alibi,2,3163904,15.930246189917936,0.26787807737397423,1706
assoc_recall,alibi,2,3163904,17.61394258933802,0.2823667252489748,1707
assoc_recall,alibi,2,3163904,19.282366725248973,0.26420620972466313,1707
assoc_recall,alibi,2,3163904,20.702227432590856,0.2584994138335287,1706
assoc_recall,alibi,2,3163904,22.31458699472759,0.2659636789689514,1707
assoc_recall,alibi,2,3163904,23.99765670767428,0.2624487404803749,1707
assoc_recall,alibi,2,3163904,25.964243845252053,0.2502930832356389,1706
assoc_recall,alibi,2,3163904,28.376684241359108,0.23725834797891038,1707
assoc_recall,alibi,2,3163904,32.471587580550676,0.24897480960749854,1707
assoc_recall,cable,0,3172128,7.53810082063306,1.0,1706
assoc_recall,cable,0,3172128,11.390158172231986,1.0,1707
assoc_recall,cable,0,3172128,13.827768014059753,1.0,1707
assoc_recall,cable,0,3172128,15.74208675263775,1.0,1706
assoc_recall,cable,0,3172128,17.540714704159345,1.0,1707
assoc_recall,cable,0,3172128,19.19742237844171,1.0,1707
assoc_recall,cable,0,3172128,20.64126611957796,1.0,1706
assoc_recall,cable,0,3172128,22.333333333333332,1.0,1707
assoc_recall,cable,0,3172128,24.013473930872877,1.0,1707
assoc_recall,cable,0,3172128,25.95896834701055,1.0,1706
assoc_recall,cable,0,3172128,28.31927357937903,1.0,1707
assoc_recall,cable,0,3172128,32.3585237258348,1.0,1707
assoc_recall,cable,1,3172128,7.589097303634232,1.0,1706
assoc_recall,cable,1,3172128,11.579964850615115,1.0,1707
assoc_recall,cable,1,3172128,14.039250146455771,1.0,1707
assoc_recall,cable,1,3172128,16.019343493552167,1.0,1706
assoc_recall,cable,1,3172128,17.68424135910955,1.0,1707
assoc_recall,cable,1,3172128,19.38722905682484,1.0,1707
assoc_recall,cable,1,3172128,20.80187573270809,1.0,1706
assoc_recall,cable,1,3172128,22.398359695371997,1.0,1707
assoc_recall,cable,1,3172128,24.080257762155828,1.0,1707
assoc_recall,cable,1,3172128,26.070926143024618,1.0,1706
assoc_recall,cable,1,3172128,28.623315758640892,1.0,1707
assoc_recall,cable,1,3172128,32.62272993555946,1.0,1707
assoc_recall,cable,2,3172128,7.531066822977726,1.0,1706
assoc_recall,cable,2,3172128,11.549502050380784,1.0,1707
assoc_recall,cable,2,3172128,13.971880492091389,1.0,1707
assoc_recall,cable,2,3172128,15.930246189917936,1.0,1706
assoc_recall,cable,2,3172128,17.61394258933802,1.0,1707
assoc_recall,cable,2,3172128,19.282366725248973,1.0,1707
assoc_recall,cable,2,3172128,20.702227432590856,1.0,1706
assoc_recall,cable,2,3172128,22.31458699472759,1.0,1707
assoc_recall,cable,2,3172128,23.99765670767428,1.0,1707
assoc_recall,cable,2,3172128,25.964243845252053,1.0,1706
assoc_recall,cable,2,3172128,28.376684241359108,1.0,1707
assoc_recall,cable,2,3172128,32.471587580550676,1.0,1707
assoc_recall,learned,0,3262464,7.53810082063306,0.283704572098476,1706
assoc_recall,learned,0,3262464,11.390158172231986,0.2735793790275337,1707
assoc_recall,learned,0,3262464,13.827768014059753,0.27240773286467485,1707
assoc_recall,learned,0,3262464,15.74208675263775,0.25615474794841736,1706
assoc_recall,learned,0,3262464,17.540714704159345,0.2560046865846514,1707
assoc_recall,learned,0,3262464,19.19742237844171,0.27006444053895723,1707
assoc_recall,learned,0,3262464,20.64126611957796,0.2514654161781946,1706
assoc_recall,learned,0,3262464,22.333333333333332,0.2618629173989455,1707
assoc_recall,learned,0,3262464,24.013473930872877,0.2548330404217926,1707
assoc_recall,learned,0,3262464,25.95896834701055,0.2508792497069168,1706
assoc_recall,learned,0,3262464,28.31927357937903,0.24077328646748683,1707
assoc_recall,learned,0,3262464,32.3585237258348,0.2612770943175161,1707
assoc_recall,learned,1,3262464,7.589097303634232,0.26436107854630714,1706
assoc_recall,learned,1,3262464,11.579964850615115,0.2589338019917985,1707
assoc_recall,learned,1,3262464,14.039250146455771,0.2677211482132396,1707
assoc_recall,learned,1,3262464,16.019343493552167,0.24970691676436108,1706
assoc_recall,learned,1,3262464,17.68424135910955,0.22495606326889278,1707
assoc_recall,learned,1,3262464,19.38722905682484,0.2536613942589338,1707
assoc_recall,learned,1,3262464,20.80187573270809,0.2543962485345838,1706
assoc_recall,learned,1,3262464,22.398359695371997,0.24838898652606914,1707
assoc_recall,learned,1,3262464,24.080257762155828,0.2454598711189221,1707
assoc_recall,learned,1,3262464,26.070926143024618,0.24794841735052756,1706
assoc_recall,learned,1,3262464,28.623315758640892,0.24253075571177504,1707
assoc_recall,learned,1,3262464,32.62272993555946,0.255418863503222,1707
assoc_recall,learned,2,3262464,7.531066822977726,0.28487690504103164,1706
assoc_recall,learned,2,3262464,11.549502050380784,0.2888107791446983,1707
assoc_recall,learned,2,3262464,13.971880492091389,0.2735793790275337,1707
assoc_recall,learned,2,3262464,15.930246189917936,0.2637749120750293,1706
assoc_recall,learned,2,3262464,17.61394258933802,0.2753368482718219,1707
assoc_recall,learned,2,3262464,19.282366725248973,0.2665495020503808,1707
assoc_recall,learned,2,3262464,20.702227432590856,0.2555685814771395,1706
assoc_recall,learned,2,3262464,22.31458699472759,0.27240773286467485,1707
assoc_recall,learned,2,3262464,23.99765670767428,0.2665495020503808,1707
assoc_recall,learned,2,3262464,25.964243845252053,0.2584994138335287,1706
assoc_recall,learned,2,3262464,28.376684241359108,0.2501464557703574,1707
assoc_recall,learned,2,3262464,32.471587580550676,0.255418863503222,1707
assoc_recall,nope,0,3163904,7.53810082063306,0.27139507620164127,1706
assoc_recall,nope,0,3163904,11.390158172231986,0.27299355594610425,1707
assoc_recall,nope,0,3163904,13.827768014059753,0.2677211482132396,1707
assoc_recall,nope,0,3163904,15.74208675263775,0.25263774912075027,1706
assoc_recall,nope,0,3163904,17.540714704159345,0.2601054481546573,1707
assoc_recall,nope,0,3163904,19.19742237844171,0.2671353251318102,1707
assoc_recall,nope,0,3163904,20.64126611957796,0.2502930832356389,1706
assoc_recall,nope,0,3163904,22.333333333333332,0.2694786174575278,1707
assoc_recall,nope,0,3163904,24.013473930872877,0.2606912712360867,1707
assoc_recall,nope,0,3163904,25.95896834701055,0.2514654161781946,1706
assoc_recall,nope,0,3163904,28.31927357937903,0.2390158172231986,1707
assoc_recall,nope,0,3163904,32.3585237258348,0.26479203280609254,1707
assoc_recall,nope,1,3163904,7.589097303634232,0.25732708089097306,1706
assoc_recall,nope,1,3163904,11.579964850615115,0.24253075571177504,1707
assoc_recall,nope,1,3163904,14.039250146455771,0.25717633274751023,1707
assoc_recall,nope,1,3163904,16.019343493552167,0.2444314185228605,1706
assoc_recall,nope,1,3163904,17.68424135910955,0.23608670181605154,1707
assoc_recall,nope,1,3163904,19.38722905682484,0.2601054481546573,1707
assoc_recall,nope,1,3163904,20.80187573270809,0.25908558030480655,1706
assoc_recall,nope,1,3163904,22.398359695371997,0.2513181019332162,1707
assoc_recall,nope,1,3163904,24.080257762155828,0.2454598711189221,1707
assoc_recall,nope,1,3163904,26.070926143024618,0.25381008206330596,1706
assoc_recall,nope,1,3163904,28.623315758640892,0.23315758640890452,1707
assoc_recall,nope,1,3163904,32.62272993555946,0.2501464557703574,1707
assoc_recall,nope,2,3163904,7.531066822977726,0.27667057444314186,1706
assoc_recall,nope,2,3163904,11.549502050380784,0.29408318687756296,1707
assoc_recall,nope,2,3163904,13.971880492091389,0.2753368482718219,1707
assoc_recall,nope,2,3163904,15.930246189917936,0.2620164126611958,1706
assoc_recall,nope,2,3163904,17.61394258933802,0.28002343292325715,1707
assoc_recall,nope,2,3163904,19.282366725248973,0.26479203280609254,1707
assoc_recall,nope,2,3163904,20.702227432590856,0.2514654161781946,1706
assoc_recall,nope,2,3163904,22.31458699472759,0.27299355594610425,1707
assoc_recall,nope,2,3163904,23.99765670767428,0.26537785588752194,1707
assoc_recall,nope,2,3163904,25.964243845252053,0.2567409144196952,1706
assoc_recall,nope,2,3163904,28.376684241359108,0.2519039250146456,1707
assoc_recall,nope,2,3163904,32.471587580550676,0.255418863503222,1707
assoc_recall,rope,0,3163904,7.53810082063306,0.264947245017585,1706
assoc_recall,rope,0,3163904,11.390158172231986,0.27299355594610425,1707
assoc_recall,rope,0,3163904,13.827768014059753,0.27650849443468073,1707
assoc_recall,rope,0,3163904,15.74208675263775,0.25791324736225085,1706
assoc_recall,rope,0,3163904,17.540714704159345,0.252489748096075,1707
assoc_recall,rope,0,3163904,19.19742237844171,0.2694786174575278,1707
assoc_recall,rope,0,3163904,20.64126611957796,0.2514654161781946,1706
assoc_recall,rope,0,3163904,22.333333333333332,0.2583479789103691,1707
assoc_recall,rope,0,3163904,24.013473930872877,0.24897480960749854,1707
assoc_recall,rope,0,3163904,25.95896834701055,0.25205158264947247,1706
assoc_recall,rope,0,3163904,28.31927357937903,0.24253075571177504,1707
assoc_recall,rope,0,3163904,32.3585237258348,0.2606912712360867,1707
assoc_recall,rope,1,3163904,7.589097303634232,0.26143024618991795,1706
assoc_recall,rope,1,3163904,11.579964850615115,0.24897480960749854,1707
assoc_recall,rope,1,3163904,14.039250146455771,0.2612770943175161,1707
assoc_recall,rope,1,3163904,16.019343493552167,0.24677608440797186,1706
assoc_recall,rope,1,3163904,17.68424135910955,0.22964264792032807,1707
assoc_recall,rope,1,3163904,19.38722905682484,0.2589338019917985,1707
assoc_recall,rope,1,3163904,20.80187573270809,0.2608440797186401,1706
assoc_recall,rope,1,3163904,22.398359695371997,0.24838898652606914,1707
assoc_recall,rope,1,3163904,24.080257762155828,0.24956063268892795,1707
assoc_recall,rope,1,3163904,26.070926143024618,0.246189917936694,1706
assoc_recall,rope,1,3163904,28.623315758640892,0.24077328646748683,1707
assoc_recall,rope,1,3163904,32.62272993555946,0.2595196250732279,1707
assoc_recall,rope,2,3163904,7.531066822977726,0.2895662368112544,1706
assoc_recall,rope,2,3163904,11.549502050380784,0.29173989455184535,1707
assoc_recall,rope,2,3163904,13.971880492091389,0.2747510251903925,1707
assoc_recall,rope,2,3163904,15.930246189917936,0.2637749120750293,1706
assoc_recall,rope,2,3163904,17.61394258933802,0.27299355594610425,1707
assoc_recall,rope,2,3163904,19.282366725248973,0.26420620972466313,1707
assoc_recall,rope,2,3163904,20.702227432590856,0.2502930832356389,1706
assoc_recall,rope,2,3163904,22.31458699472759,0.27299355594610425,1707
assoc_recall,rope,2,3163904,23.99765670767428,0.2659636789689514,1707
assoc_recall,rope,2,3163904,25.964243845252053,0.26025791324736225,1706
assoc_recall,rope,2,3163904,28.376684241359108,0.2478031634446397,1707
assoc_recall,rope,2,3163904,32.471587580550676,0.2583479789103691,1707
assoc_recall,semrf_hard,0,3250307,7.53810082063306,1.0,1706
assoc_recall,semrf_hard,0,3250307,11.390158172231986,1.0,1707
assoc_recall,semrf_hard,0,3250307,13.827768014059753,1.0,1707
assoc_recall,semrf_hard,0,3250307,15.74208675263775,1.0,1706
assoc_recall,semrf_hard,0,3250307,17.540714704159345,1.0,1707
assoc_recall,semrf_hard,0,3250307,19.19742237844171,1.0,1707
assoc_recall,semrf_hard,0,3250307,20.64126611957796,1.0,1706
assoc_recall,semrf_hard,0,3250307,22.333333333333332,1.0,1707
assoc_recall,semrf_hard,0,3250307,24.013473930872877,1.0,1707
assoc_recall,semrf_hard,0,3250307,25.95896834701055,1.0,1706
assoc_recall,semrf_hard,0,3250307,28.31927357937903,1.0,1707
assoc_recall,semrf_hard,0,3250307,32.3585237258348,1.0,1707
assoc_recall,semrf_hard,1,3250307,7.589097303634232,1.0,1706
assoc_recall,semrf_hard,1,3250307,11.579964850615115,1.0,1707
assoc_recall,semrf_hard,1,3250307,14.039250146455771,1.0,1707
assoc_recall,semrf_hard,1,3250307,16.019343493552167,1.0,1706
assoc_recall,semrf_hard,1,3250307,17.68424135910955,1.0,1707
assoc_recall,semrf_hard,1,3250307,19.38722905682484,1.0,1707
assoc_recall,semrf_hard,1,3250307,20.80187573270809,1.0,1706
assoc_recall,semrf_hard,1,3250307,22.398359695371997,1.0,1707
assoc_recall,semrf_hard,1,3250307,24.080257762155828,1.0,1707
assoc_recall,semrf_hard,1,3250307,26.070926143024618,1.0,1706
assoc_recall,semrf_hard,1,3250307,28.623315758640892,1.0,1707
assoc_recall,semrf_hard,1,3250307,32.62272993555946,1.0,1707
assoc_recall,semrf_K64,0,3266819,7.53810082063306,1.0,1706
assoc_recall,semrf_K64,0,3266819,11.390158172231986,1.0,1707
assoc_recall,semrf_K64,0,3266819,13.827768014059753,1.0,1707
assoc_recall,semrf_K64,0,3266819,15.74208675263775,1.0,1706
assoc_recall,semrf_K64,0,3266819,17.540714704159345,1.0,1707
assoc_recall,semrf_K64,0,3266819,19.19742237844171,1.0,1707
assoc_recall,semrf_K64,0,3266819,20.64126611957796,1.0,1706
assoc_recall,semrf_K64,0,3266819,22.333333333333332,1.0,1707
assoc_recall,semrf_K64,0,3266819,24.013473930872877,1.0,1707
assoc_recall,semrf_K64,0,3266819,25.95896834701055,1.0,1706
assoc_recall,semrf_K64,0,3266819,28.31927357937903,1.0,1707
assoc_recall,semrf_K64,0,3266819,32.3585237258348,1.0,1707
assoc_recall,semrf_K64,1,3266819,7.589097303634232,1.0,1706
assoc_recall,semrf_K64,1,3266819,11.579964850615115,1.0,1707
assoc_recall,semrf_K64,1,3266819,14.039250146455771,1.0,1707
assoc_recall,semrf_K64,1,3266819,16.019343493552167,1.0,1706
assoc_recall,semrf_K64,1,3266819,17.68424135910955,1.0,1707
assoc_recall,semrf_K64,1,3266819,19.38722905682484,1.0,1707
assoc_recall,semrf_K64,1,3266819,20.80187573270809,1.0,1706
assoc_recall,semrf_K64,1,3266819,22.398359695371997,1.0,1707
assoc_recall,semrf_K64,1,3266819,24.080257762155828,1.0,1707
assoc_recall,semrf_K64,1,3266819,26.070926143024618,1.0,1706
assoc_recall,semrf_K64,1,3266819,28.623315758640892,1.0,1707
assoc_recall,semrf_K64,1,3266819,32.62272993555946,1.0,1707
assoc_recall,semrf_K8,0,3248003,7.53810082063306,0.5990621336459554,1706
assoc_recall,semrf_K8,0,3248003,11.390158172231986,0.6162858816637375,1707
assoc_recall,semrf_K8,0,3248003,13.827768014059753,0.6022261277094317,1707
assoc_recall,semrf_K8,0,3248003,15.74208675263775,0.6060961313012896,1706
assoc_recall,semrf_K8,0,3248003,17.540714704159345,0.60398359695372,1707
assoc_recall,semrf_K8,0,3248003,19.19742237844171,0.5916813122437024,1707
assoc_recall,semrf_K8,0,3248003,20.64126611957796,0.6060961313012896,1706
assoc_recall,semrf_K8,0,3248003,22.333333333333332,0.6174575278265964,1707
assoc_recall,semrf_K8,0,3248003,24.013473930872877,0.606912712360867,1707
assoc_recall,semrf_K8,0,3248003,25.95896834701055,0.6025791324736225,1706
assoc_recall,semrf_K8,0,3248003,28.31927357937903,0.6285881663737551,1707
assoc_recall,semrf_K8,0,3248003,32.3585237258348,0.6490919742237844,1707
assoc_recall,semrf_K8,1,3248003,7.589097303634232,1.0,1706
assoc_recall,semrf_K8,1,3248003,11.579964850615115,1.0,1707
assoc_recall,semrf_K8,1,3248003,14.039250146455771,1.0,1707
assoc_recall,semrf_K8,1,3248003,16.019343493552167,1.0,1706
assoc_recall,semrf_K8,1,3248003,17.68424135910955,1.0,1707
assoc_recall,semrf_K8,1,3248003,19.38722905682484,1.0,1707
assoc_recall,semrf_K8,1,3248003,20.80187573270809,1.0,1706
assoc_recall,semrf_K8,1,3248003,22.398359695371997,1.0,1707
assoc_recall,semrf_K8,1,3248003,24.080257762155828,1.0,1707
assoc_recall,semrf_K8,1,3248003,26.070926143024618,1.0,1706
assoc_recall,semrf_K8,1,3248003,28.623315758640892,1.0,1707
assoc_recall,semrf_K8,1,3248003,32.62272993555946,1.0,1707
assoc_recall,semrf_no_res,0,3233923,7.53810082063306,0.27784290738569756,1706
assoc_recall,semrf_no_res,0,3233923,11.390158172231986,0.27299355594610425,1707
assoc_recall,semrf_no_res,0,3233923,13.827768014059753,0.27065026362038663,1707
assoc_recall,semrf_no_res,0,3233923,15.74208675263775,0.26436107854630714,1706
assoc_recall,semrf_no_res,0,3233923,17.540714704159345,0.2589338019917985,1707
assoc_recall,semrf_no_res,0,3233923,19.19742237844171,0.2612770943175161,1707
assoc_recall,semrf_no_res,0,3233923,20.64126611957796,0.24794841735052756,1706
assoc_recall,semrf_no_res,0,3233923,22.333333333333332,0.2589338019917985,1707
assoc_recall,semrf_no_res,0,3233923,24.013473930872877,0.2513181019332162,1707
assoc_recall,semrf_no_res,0,3233923,25.95896834701055,0.2485345838218054,1706
assoc_recall,semrf_no_res,0,3233923,28.31927357937903,0.23198594024604569,1707
assoc_recall,semrf_no_res,0,3233923,32.3585237258348,0.2542472173403632,1707
assoc_recall,semrf_no_res,1,3233923,7.589097303634232,1.0,1706
assoc_recall,semrf_no_res,1,3233923,11.579964850615115,1.0,1707
assoc_recall,semrf_no_res,1,3233923,14.039250146455771,1.0,1707
assoc_recall,semrf_no_res,1,3233923,16.019343493552167,1.0,1706
assoc_recall,semrf_no_res,1,3233923,17.68424135910955,1.0,1707
assoc_recall,semrf_no_res,1,3233923,19.38722905682484,1.0,1707
assoc_recall,semrf_no_res,1,3233923,20.80187573270809,1.0,1706
assoc_recall,semrf_no_res,1,3233923,22.398359695371997,1.0,1707
assoc_recall,semrf_no_res,1,3233923,24.080257762155828,1.0,1707
assoc_recall,semrf_no_res,1,3233923,26.070926143024618,1.0,1706
assoc_recall,semrf_no_res,1,3233923,28.623315758640892,1.0,1707
assoc_recall,semrf_no_res,1,3233923,32.62272993555946,1.0,1707
assoc_recall,semrf_no_sem,0,3250051,7.53810082063306,1.0,1706
assoc_recall,semrf_no_sem,0,3250051,11.390158172231986,1.0,1707
assoc_recall,semrf_no_sem,0,3250051,13.827768014059753,1.0,1707
assoc_recall,semrf_no_sem,0,3250051,15.74208675263775,1.0,1706
assoc_recall,semrf_no_sem,0,3250051,17.540714704159345,1.0,1707
assoc_recall,semrf_no_sem,0,3250051,19.19742237844171,1.0,1707
assoc_recall,semrf_no_sem,0,3250051,20.64126611957796,1.0,1706
assoc_recall,semrf_no_sem,0,3250051,22.333333333333332,1.0,1707
assoc_recall,semrf_no_sem,0,3250051,24.013473930872877,1.0,1707
assoc_recall,semrf_no_sem,0,3250051,25.95896834701055,1.0,1706
assoc_recall,semrf_no_sem,0,3250051,28.31927357937903,1.0,1707
assoc_recall,semrf_no_sem,0,3250051,32.3585237258348,1.0,1707
assoc_recall,semrf_no_sem,1,3250051,7.589097303634232,1.0,1706
assoc_recall,semrf_no_sem,1,3250051,11.579964850615115,1.0,1707
assoc_recall,semrf_no_sem,1,3250051,14.039250146455771,1.0,1707
assoc_recall,semrf_no_sem,1,3250051,16.019343493552167,1.0,1706
assoc_recall,semrf_no_sem,1,3250051,17.68424135910955,1.0,1707
assoc_recall,semrf_no_sem,1,3250051,19.38722905682484,1.0,1707
assoc_recall,semrf_no_sem,1,3250051,20.80187573270809,1.0,1706
assoc_recall,semrf_no_sem,1,3250051,22.398359695371997,1.0,1707
assoc_recall,semrf_no_sem,1,3250051,24.080257762155828,1.0,1707
assoc_recall,semrf_no_sem,1,3250051,26.070926143024618,1.0,1706
assoc_recall,semrf_no_sem,1,3250051,28.623315758640892,1.0,1707
assoc_recall,semrf_no_sem,1,3250051,32.62272993555946,1.0,1707
assoc_recall,semrf_no_time,0,3250179,7.53810082063306,0.2532239155920281,1706
assoc_recall,semrf_no_time,0,3250179,11.390158172231986,0.2823667252489748,1707
assoc_recall,semrf_no_time,0,3250179,13.827768014059753,0.29759812536613944,1707
assoc_recall,semrf_no_time,0,3250179,15.74208675263775,0.29718640093786636,1706
assoc_recall,semrf_no_time,0,3250179,17.540714704159345,0.29876977152899825,1707
assoc_recall,semrf_no_time,0,3250179,19.19742237844171,0.29994141769185706,1707
assoc_recall,semrf_no_time,0,3250179,20.64126611957796,0.317116060961313,1706
assoc_recall,semrf_no_time,0,3250179,22.333333333333332,0.3145869947275923,1707
assoc_recall,semrf_no_time,0,3250179,24.013473930872877,0.3321616871704745,1707
assoc_recall,semrf_no_time,0,3250179,25.95896834701055,0.33821805392731535,1706
assoc_recall,semrf_no_time,0,3250179,28.31927357937903,0.3520796719390744,1707
assoc_recall,semrf_no_time,0,3250179,32.3585237258348,0.408904510837727,1707
assoc_recall,semrf_no_time,1,3250179,7.589097303634232,0.25381008206330596,1706
assoc_recall,semrf_no_time,1,3250179,11.579964850615115,0.28588166373755125,1707
assoc_recall,semrf_no_time,1,3250179,14.039250146455771,0.3028705330990041,1707
assoc_recall,semrf_no_time,1,3250179,16.019343493552167,0.3300117233294256,1706
assoc_recall,semrf_no_time,1,3250179,17.68424135910955,0.3280609256004687,1707
assoc_recall,semrf_no_time,1,3250179,19.38722905682484,0.3468072642062097,1707
assoc_recall,semrf_no_time,1,3250179,20.80187573270809,0.33704572098475966,1706
assoc_recall,semrf_no_time,1,3250179,22.398359695371997,0.3432923257176333,1707
assoc_recall,semrf_no_time,1,3250179,24.080257762155828,0.335676625659051,1707
assoc_recall,semrf_no_time,1,3250179,26.070926143024618,0.34056271981242675,1706
assoc_recall,semrf_no_time,1,3250179,28.623315758640892,0.37434094903339193,1707
assoc_recall,semrf_no_time,1,3250179,32.62272993555946,0.39250146455770357,1707
assoc_recall,semrf,0,3250307,7.53810082063306,1.0,1706
assoc_recall,semrf,0,3250307,11.390158172231986,1.0,1707
assoc_recall,semrf,0,3250307,13.827768014059753,1.0,1707
assoc_recall,semrf,0,3250307,15.74208675263775,1.0,1706
assoc_recall,semrf,0,3250307,17.540714704159345,1.0,1707
assoc_recall,semrf,0,3250307,19.19742237844171,1.0,1707
assoc_recall,semrf,0,3250307,20.64126611957796,1.0,1706
assoc_recall,semrf,0,3250307,22.333333333333332,1.0,1707
assoc_recall,semrf,0,3250307,24.013473930872877,1.0,1707
assoc_recall,semrf,0,3250307,25.95896834701055,1.0,1706
assoc_recall,semrf,0,3250307,28.31927357937903,1.0,1707
assoc_recall,semrf,0,3250307,32.3585237258348,1.0,1707
assoc_recall,semrf,1,3250307,7.589097303634232,1.0,1706
assoc_recall,semrf,1,3250307,11.579964850615115,1.0,1707
assoc_recall,semrf,1,3250307,14.039250146455771,1.0,1707
assoc_recall,semrf,1,3250307,16.019343493552167,1.0,1706
assoc_recall,semrf,1,3250307,17.68424135910955,1.0,1707
assoc_recall,semrf,1,3250307,19.38722905682484,1.0,1707
assoc_recall,semrf,1,3250307,20.80187573270809,1.0,1706
assoc_recall,semrf,1,3250307,22.398359695371997,1.0,1707
assoc_recall,semrf,1,3250307,24.080257762155828,1.0,1707
assoc_recall,semrf,1,3250307,26.070926143024618,1.0,1706
assoc_recall,semrf,1,3250307,28.623315758640892,1.0,1707
assoc_recall,semrf,1,3250307,32.62272993555946,1.0,1707
assoc_recall,semrf,2,3250307,7.531066822977726,1.0,1706
assoc_recall,semrf,2,3250307,11.549502050380784,1.0,1707
assoc_recall,semrf,2,3250307,13.971880492091389,1.0,1707
assoc_recall,semrf,2,3250307,15.930246189917936,1.0,1706
assoc_recall,semrf,2,3250307,17.61394258933802,1.0,1707
assoc_recall,semrf,2,3250307,19.282366725248973,1.0,1707
assoc_recall,semrf,2,3250307,20.702227432590856,1.0,1706
assoc_recall,semrf,2,3250307,22.31458699472759,1.0,1707
assoc_recall,semrf,2,3250307,23.99765670767428,1.0,1707
assoc_recall,semrf,2,3250307,25.964243845252053,1.0,1706
assoc_recall,semrf,2,3250307,28.376684241359108,1.0,1707
assoc_recall,semrf,2,3250307,32.471587580550676,1.0,1707
assoc_recall,sinusoidal,0,3163904,7.53810082063306,0.26143024618991795,1706
assoc_recall,sinusoidal,0,3163904,11.390158172231986,0.2536613942589338,1707
assoc_recall,sinusoidal,0,3163904,13.827768014059753,0.2501464557703574,1707
assoc_recall,sinusoidal,0,3163904,15.74208675263775,0.24677608440797186,1706
assoc_recall,sinusoidal,0,3163904,17.540714704159345,0.2501464557703574,1707
assoc_recall,sinusoidal,0,3163904,19.19742237844171,0.2694786174575278,1707
assoc_recall,sinusoidal,0,3163904,20.64126611957796,0.24794841735052756,1706
assoc_recall,sinusoidal,0,3163904,22.333333333333332,0.2618629173989455,1707
assoc_recall,sinusoidal,0,3163904,24.013473930872877,0.2507322788517868,1707
assoc_recall,sinusoidal,0,3163904,25.95896834701055,0.2514654161781946,1706
assoc_recall,sinusoidal,0,3163904,28.31927357937903,0.24135910954891623,1707
assoc_recall,sinusoidal,0,3163904,32.3585237258348,0.26362038664323373,1707
assoc_recall,sinusoidal,1,3163904,7.589097303634232,0.27784290738569756,1706
assoc_recall,sinusoidal,1,3163904,11.579964850615115,0.2513181019332162,1707
assoc_recall,sinusoidal,1,3163904,14.039250146455771,0.2606912712360867,1707
assoc_recall,sinusoidal,1,3163904,16.019343493552167,0.25205158264947247,1706
assoc_recall,sinusoidal,1,3163904,17.68424135910955,0.23140011716461628,1707
assoc_recall,sinusoidal,1,3163904,19.38722905682484,0.2548330404217926,1707
assoc_recall,sinusoidal,1,3163904,20.80187573270809,0.24970691676436108,1706
assoc_recall,sinusoidal,1,3163904,22.398359695371997,0.24077328646748683,1707
assoc_recall,sinusoidal,1,3163904,24.080257762155828,0.24077328646748683,1707
assoc_recall,sinusoidal,1,3163904,26.070926143024618,0.2485345838218054,1706
assoc_recall,sinusoidal,1,3163904,28.623315758640892,0.25717633274751023,1707
assoc_recall,sinusoidal,1,3163904,32.62272993555946,0.24428822495606328,1707
assoc_recall,sinusoidal,2,3163904,7.531066822977726,0.2485345838218054,1706
assoc_recall,sinusoidal,2,3163904,11.549502050380784,0.2595196250732279,1707
assoc_recall,sinusoidal,2,3163904,13.971880492091389,0.2401874633860574,1707
assoc_recall,sinusoidal,2,3163904,15.930246189917936,0.2309495896834701,1706
assoc_recall,sinusoidal,2,3163904,17.61394258933802,0.24311657879320445,1707
assoc_recall,sinusoidal,2,3163904,19.282366725248973,0.22026947861745752,1707
assoc_recall,sinusoidal,2,3163904,20.702227432590856,0.22215709261430247,1706
assoc_recall,sinusoidal,2,3163904,22.31458699472759,0.22026947861745752,1707
assoc_recall,sinusoidal,2,3163904,23.99765670767428,0.22378441710603397,1707
assoc_recall,sinusoidal,2,3163904,25.964243845252053,0.2063305978898007,1706
assoc_recall,sinusoidal,2,3163904,28.376684241359108,0.21558289396602226,1707
assoc_recall,sinusoidal,2,3163904,32.471587580550676,0.2179261862917399,1707
assoc_recall,t5,0,3164160,7.53810082063306,0.2813599062133646,1706
assoc_recall,t5,0,3164160,11.390158172231986,0.27006444053895723,1707
assoc_recall,t5,0,3164160,13.827768014059753,0.2688927943760984,1707
assoc_recall,t5,0,3164160,15.74208675263775,0.25381008206330596,1706
assoc_recall,t5,0,3164160,17.540714704159345,0.2589338019917985,1707
assoc_recall,t5,0,3164160,19.19742237844171,0.268306971294669,1707
assoc_recall,t5,0,3164160,20.64126611957796,0.246189917936694,1706
assoc_recall,t5,0,3164160,22.333333333333332,0.268306971294669,1707
assoc_recall,t5,0,3164160,24.013473930872877,0.2583479789103691,1707
assoc_recall,t5,0,3164160,25.95896834701055,0.2502930832356389,1706
assoc_recall,t5,0,3164160,28.31927357937903,0.2401874633860574,1707
assoc_recall,t5,0,3164160,32.3585237258348,0.2530755711775044,1707
assoc_recall,t5,1,3164160,7.589097303634232,0.2567409144196952,1706
assoc_recall,t5,1,3164160,11.579964850615115,0.2530755711775044,1707
assoc_recall,t5,1,3164160,14.039250146455771,0.2624487404803749,1707
assoc_recall,t5,1,3164160,16.019343493552167,0.2514654161781946,1706
assoc_recall,t5,1,3164160,17.68424135910955,0.23491505565319273,1707
assoc_recall,t5,1,3164160,19.38722905682484,0.2583479789103691,1707
assoc_recall,t5,1,3164160,20.80187573270809,0.24970691676436108,1706
assoc_recall,t5,1,3164160,22.398359695371997,0.24838898652606914,1707
assoc_recall,t5,1,3164160,24.080257762155828,0.24253075571177504,1707
assoc_recall,t5,1,3164160,26.070926143024618,0.2502930832356389,1706
assoc_recall,t5,1,3164160,28.623315758640892,0.24428822495606328,1707
assoc_recall,t5,1,3164160,32.62272993555946,0.252489748096075,1707
assoc_recall,t5,2,3164160,7.531066822977726,0.2842907385697538,1706
assoc_recall,t5,2,3164160,11.549502050380784,0.29349736379613356,1707
assoc_recall,t5,2,3164160,13.971880492091389,0.27006444053895723,1707
assoc_recall,t5,2,3164160,15.930246189917936,0.2620164126611958,1706
assoc_recall,t5,2,3164160,17.61394258933802,0.27885178676039835,1707
assoc_recall,t5,2,3164160,19.282366725248973,0.2630345635618043,1707
assoc_recall,t5,2,3164160,20.702227432590856,0.2456037514654162,1706
assoc_recall,t5,2,3164160,22.31458699472759,0.27826596367896894,1707
assoc_recall,t5,2,3164160,23.99765670767428,0.27065026362038663,1707
assoc_recall,t5,2,3164160,25.964243845252053,0.2555685814771395,1706
assoc_recall,t5,2,3164160,28.376684241359108,0.24956063268892795,1707
assoc_recall,t5,2,3164160,32.471587580550676,0.255418863503222,1707
assoc_recall_hard,alibi,0,3163904,11.543962485345839,0.317116060961313,1706
assoc_recall_hard,alibi,0,3163904,17.679554774458115,0.29935559461042766,1707
assoc_recall_hard,alibi,0,3163904,21.394844756883423,0.29056824838898654,1707
assoc_recall_hard,alibi,0,3163904,24.579718640093787,0.30773739742086753,1706
assoc_recall_hard,alibi,0,3163904,27.51376684241359,0.28295254833040423,1707
assoc_recall_hard,alibi,0,3163904,30.379027533684827,0.3087287639132982,1707
assoc_recall_hard,alibi,0,3163904,33.15005861664713,0.27549824150058616,1706
assoc_recall_hard,alibi,0,3163904,35.94083186877563,0.3022847100175747,1707
assoc_recall_hard,alibi,0,3163904,38.77445811364968,0.29349736379613356,1707
assoc_recall_hard,alibi,0,3163904,41.93610785463071,0.29601406799531066,1706
assoc_recall_hard,alibi,0,3163904,45.76449912126538,0.29056824838898654,1707
assoc_recall_hard,alibi,0,3163904,52.05858230814294,0.27182190978324544,1707
assoc_recall_hard,alibi,1,3163904,11.781359906213364,0.3604923798358734,1706
assoc_recall_hard,alibi,1,3163904,18.1593438781488,0.35442296426479203,1707
assoc_recall_hard,alibi,1,3163904,21.9701230228471,0.3321616871704745,1707
assoc_recall_hard,alibi,1,3163904,25.148886283704574,0.3335287221570926,1706
assoc_recall_hard,alibi,1,3163904,28.105448154657292,0.31927357937902756,1707
assoc_recall_hard,alibi,1,3163904,30.964850615114237,0.3245459871118922,1707
assoc_recall_hard,alibi,1,3163904,33.61488862837046,0.3048065650644783,1706
assoc_recall_hard,alibi,1,3163904,36.39718804920914,0.3450497949619215,1707
assoc_recall_hard,alibi,1,3163904,39.27475102519039,0.3374340949033392,1707
assoc_recall_hard,alibi,1,3163904,42.43728018757327,0.34232121922626024,1706
assoc_recall_hard,alibi,1,3163904,46.14235500878735,0.3509080257762156,1707
assoc_recall_hard,alibi,1,3163904,52.53719976567077,0.38371411833626246,1707
assoc_recall_hard,alibi,2,3163904,11.702813599062134,0.32297772567409144,1706
assoc_recall_hard,alibi,2,3163904,18.11775043936731,0.29291154071470415,1707
assoc_recall_hard,alibi,2,3163904,21.766842413591096,0.3274751025190393,1707
assoc_recall_hard,alibi,2,3163904,24.86459554513482,0.3347010550996483,1706
assoc_recall_hard,alibi,2,3163904,27.756883421206794,0.3403632103104862,1707
assoc_recall_hard,alibi,2,3163904,30.482718219097833,0.3350908025776216,1707
assoc_recall_hard,alibi,2,3163904,33.160023446658855,0.32063305978898005,1706
assoc_recall_hard,alibi,2,3163904,35.926772114821325,0.3397773872290568,1707
assoc_recall_hard,alibi,2,3163904,38.94669009958992,0.3186877562975981,1707
assoc_recall_hard,alibi,2,3163904,42.1189917936694,0.3130128956623681,1706
assoc_recall_hard,alibi,2,3163904,45.93087287639133,0.31985940246045697,1707
assoc_recall_hard,alibi,2,3163904,52.3087287639133,0.3163444639718805,1707
assoc_recall_hard,learned,0,3262464,11.543962485345839,0.26553341148886284,1706
assoc_recall_hard,learned,0,3262464,17.679554774458115,0.25717633274751023,1707
assoc_recall_hard,learned,0,3262464,21.394844756883423,0.2606912712360867,1707
assoc_recall_hard,learned,0,3262464,24.579718640093787,0.2672919109026964,1706
assoc_recall_hard,learned,0,3262464,27.51376684241359,0.255418863503222,1707
assoc_recall_hard,learned,0,3262464,30.379027533684827,0.26537785588752194,1707
assoc_recall_hard,learned,0,3262464,33.15005861664713,0.2403282532239156,1706
assoc_recall_hard,learned,0,3262464,35.94083186877563,0.27826596367896894,1707
assoc_recall_hard,learned,0,3262464,38.77445811364968,0.2530755711775044,1707
assoc_recall_hard,learned,0,3262464,41.93610785463071,0.2661195779601407,1706
assoc_recall_hard,learned,0,3262464,45.76449912126538,0.27182190978324544,1707
assoc_recall_hard,learned,0,3262464,52.05858230814294,0.2507322788517868,1707
assoc_recall_hard,learned,1,3262464,11.781359906213364,0.25381008206330596,1706
assoc_recall_hard,learned,1,3262464,18.1593438781488,0.2454598711189221,1707
assoc_recall_hard,learned,1,3262464,21.9701230228471,0.24077328646748683,1707
assoc_recall_hard,learned,1,3262464,25.148886283704574,0.2502930832356389,1706
assoc_recall_hard,learned,1,3262464,28.105448154657292,0.2478031634446397,1707
assoc_recall_hard,learned,1,3262464,30.964850615114237,0.2466315172817809,1707
assoc_recall_hard,learned,1,3262464,33.61488862837046,0.23270808909730364,1706
assoc_recall_hard,learned,1,3262464,36.39718804920914,0.26537785588752194,1707
assoc_recall_hard,learned,1,3262464,39.27475102519039,0.2583479789103691,1707
assoc_recall_hard,learned,1,3262464,42.43728018757327,0.2502930832356389,1706
assoc_recall_hard,learned,1,3262464,46.14235500878735,0.2542472173403632,1707
assoc_recall_hard,learned,1,3262464,52.53719976567077,0.2583479789103691,1707
assoc_recall_hard,learned,2,3262464,11.702813599062134,0.29425556858147717,1706
assoc_recall_hard,learned,2,3262464,18.11775043936731,0.255418863503222,1707
assoc_recall_hard,learned,2,3262464,21.766842413591096,0.27123608670181604,1707
assoc_recall_hard,learned,2,3262464,24.86459554513482,0.2719812426729191,1706
assoc_recall_hard,learned,2,3262464,27.756883421206794,0.2677211482132396,1707
assoc_recall_hard,learned,2,3262464,30.482718219097833,0.26420620972466313,1707
assoc_recall_hard,learned,2,3262464,33.160023446658855,0.2737397420867526,1706
assoc_recall_hard,learned,2,3262464,35.926772114821325,0.2694786174575278,1707
assoc_recall_hard,learned,2,3262464,38.94669009958992,0.268306971294669,1707
assoc_recall_hard,learned,2,3262464,42.1189917936694,0.25381008206330596,1706
assoc_recall_hard,learned,2,3262464,45.93087287639133,0.2618629173989455,1707
assoc_recall_hard,learned,2,3262464,52.3087287639133,0.2542472173403632,1707
assoc_recall_hard,nope,0,3163904,11.543962485345839,0.2708089097303634,1706
assoc_recall_hard,nope,0,3163904,17.679554774458115,0.26537785588752194,1707
assoc_recall_hard,nope,0,3163904,21.394844756883423,0.2565905096660808,1707
assoc_recall_hard,nope,0,3163904,24.579718640093787,0.27256740914419697,1706
assoc_recall_hard,nope,0,3163904,27.51376684241359,0.2618629173989455,1707
assoc_recall_hard,nope,0,3163904,30.379027533684827,0.2671353251318102,1707
assoc_recall_hard,nope,0,3163904,33.15005861664713,0.23446658851113716,1706
assoc_recall_hard,nope,0,3163904,35.94083186877563,0.2735793790275337,1707
assoc_recall_hard,nope,0,3163904,38.77445811364968,0.2577621558289397,1707
assoc_recall_hard,nope,0,3163904,41.93610785463071,0.26670574443141853,1706
assoc_recall_hard,nope,0,3163904,45.76449912126538,0.2606912712360867,1707
assoc_recall_hard,nope,0,3163904,52.05858230814294,0.2466315172817809,1707
assoc_recall_hard,nope,1,3163904,11.781359906213364,0.246189917936694,1706
assoc_recall_hard,nope,1,3163904,18.1593438781488,0.2542472173403632,1707
assoc_recall_hard,nope,1,3163904,21.9701230228471,0.24897480960749854,1707
assoc_recall_hard,nope,1,3163904,25.148886283704574,0.25381008206330596,1706
assoc_recall_hard,nope,1,3163904,28.105448154657292,0.24897480960749854,1707
assoc_recall_hard,nope,1,3163904,30.964850615114237,0.255418863503222,1707
assoc_recall_hard,nope,1,3163904,33.61488862837046,0.23798358733880423,1706
assoc_recall_hard,nope,1,3163904,36.39718804920914,0.268306971294669,1707
assoc_recall_hard,nope,1,3163904,39.27475102519039,0.2542472173403632,1707
assoc_recall_hard,nope,1,3163904,42.43728018757327,0.2543962485345838,1706
assoc_recall_hard,nope,1,3163904,46.14235500878735,0.252489748096075,1707
assoc_recall_hard,nope,1,3163904,52.53719976567077,0.2677211482132396,1707
assoc_recall_hard,nope,2,3163904,11.702813599062134,0.28839390386869873,1706
assoc_recall_hard,nope,2,3163904,18.11775043936731,0.2513181019332162,1707
assoc_recall_hard,nope,2,3163904,21.766842413591096,0.2741652021089631,1707
assoc_recall_hard,nope,2,3163904,24.86459554513482,0.2772567409144197,1706
assoc_recall_hard,nope,2,3163904,27.756883421206794,0.2735793790275337,1707
assoc_recall_hard,nope,2,3163904,30.482718219097833,0.2694786174575278,1707
assoc_recall_hard,nope,2,3163904,33.160023446658855,0.2772567409144197,1706
assoc_recall_hard,nope,2,3163904,35.926772114821325,0.27123608670181604,1707
assoc_recall_hard,nope,2,3163904,38.94669009958992,0.2677211482132396,1707
assoc_recall_hard,nope,2,3163904,42.1189917936694,0.2620164126611958,1706
assoc_recall_hard,nope,2,3163904,45.93087287639133,0.2688927943760984,1707
assoc_recall_hard,nope,2,3163904,52.3087287639133,0.2688927943760984,1707
assoc_recall_hard,rope,0,3163904,11.543962485345839,0.2719812426729191,1706
assoc_recall_hard,rope,0,3163904,17.679554774458115,0.25717633274751023,1707
assoc_recall_hard,rope,0,3163904,21.394844756883423,0.26479203280609254,1707
assoc_recall_hard,rope,0,3163904,24.579718640093787,0.2749120750293083,1706
assoc_recall_hard,rope,0,3163904,27.51376684241359,0.2542472173403632,1707
assoc_recall_hard,rope,0,3163904,30.379027533684827,0.2677211482132396,1707
assoc_recall_hard,rope,0,3163904,33.15005861664713,0.235052754982415,1706
assoc_recall_hard,rope,0,3163904,35.94083186877563,0.27182190978324544,1707
assoc_recall_hard,rope,0,3163904,38.77445811364968,0.2536613942589338,1707
assoc_recall_hard,rope,0,3163904,41.93610785463071,0.26787807737397423,1706
assoc_recall_hard,rope,0,3163904,45.76449912126538,0.2659636789689514,1707
assoc_recall_hard,rope,0,3163904,52.05858230814294,0.2460456942003515,1707
assoc_recall_hard,rope,1,3163904,11.781359906213364,0.25205158264947247,1706
assoc_recall_hard,rope,1,3163904,18.1593438781488,0.2513181019332162,1707
assoc_recall_hard,rope,1,3163904,21.9701230228471,0.2478031634446397,1707
assoc_recall_hard,rope,1,3163904,25.148886283704574,0.2456037514654162,1706
assoc_recall_hard,rope,1,3163904,28.105448154657292,0.2454598711189221,1707
assoc_recall_hard,rope,1,3163904,30.964850615114237,0.24897480960749854,1707
assoc_recall_hard,rope,1,3163904,33.61488862837046,0.22977725674091443,1706
assoc_recall_hard,rope,1,3163904,36.39718804920914,0.26537785588752194,1707
assoc_recall_hard,rope,1,3163904,39.27475102519039,0.2536613942589338,1707
assoc_recall_hard,rope,1,3163904,42.43728018757327,0.2444314185228605,1706
assoc_recall_hard,rope,1,3163904,46.14235500878735,0.2501464557703574,1707
assoc_recall_hard,rope,1,3163904,52.53719976567077,0.2595196250732279,1707
assoc_recall_hard,rope,2,3163904,11.702813599062134,0.29308323563892147,1706
assoc_recall_hard,rope,2,3163904,18.11775043936731,0.2565905096660808,1707
assoc_recall_hard,rope,2,3163904,21.766842413591096,0.27299355594610425,1707
assoc_recall_hard,rope,2,3163904,24.86459554513482,0.28194607268464245,1706
assoc_recall_hard,rope,2,3163904,27.756883421206794,0.2688927943760984,1707
assoc_recall_hard,rope,2,3163904,30.482718219097833,0.2688927943760984,1707
assoc_recall_hard,rope,2,3163904,33.160023446658855,0.2731535756154748,1706
assoc_recall_hard,rope,2,3163904,35.926772114821325,0.2688927943760984,1707
assoc_recall_hard,rope,2,3163904,38.94669009958992,0.27006444053895723,1707
assoc_recall_hard,rope,2,3163904,42.1189917936694,0.2514654161781946,1706
assoc_recall_hard,rope,2,3163904,45.93087287639133,0.26362038664323373,1707
assoc_recall_hard,rope,2,3163904,52.3087287639133,0.255418863503222,1707
assoc_recall_hard,semrf_hard,0,3250307,11.543962485345839,1.0,1706
assoc_recall_hard,semrf_hard,0,3250307,17.679554774458115,1.0,1707
assoc_recall_hard,semrf_hard,0,3250307,21.394844756883423,1.0,1707
assoc_recall_hard,semrf_hard,0,3250307,24.579718640093787,1.0,1706
assoc_recall_hard,semrf_hard,0,3250307,27.51376684241359,1.0,1707
assoc_recall_hard,semrf_hard,0,3250307,30.379027533684827,1.0,1707
assoc_recall_hard,semrf_hard,0,3250307,33.15005861664713,1.0,1706
assoc_recall_hard,semrf_hard,0,3250307,35.94083186877563,1.0,1707
assoc_recall_hard,semrf_hard,0,3250307,38.77445811364968,1.0,1707
assoc_recall_hard,semrf_hard,0,3250307,41.93610785463071,1.0,1706
assoc_recall_hard,semrf_hard,0,3250307,45.76449912126538,1.0,1707
assoc_recall_hard,semrf_hard,0,3250307,52.05858230814294,1.0,1707
assoc_recall_hard,semrf_hard,1,3250307,11.781359906213364,0.25381008206330596,1706
assoc_recall_hard,semrf_hard,1,3250307,18.1593438781488,0.2501464557703574,1707
assoc_recall_hard,semrf_hard,1,3250307,21.9701230228471,0.2472173403632103,1707
assoc_recall_hard,semrf_hard,1,3250307,25.148886283704574,0.25498241500586166,1706
assoc_recall_hard,semrf_hard,1,3250307,28.105448154657292,0.2460456942003515,1707
assoc_recall_hard,semrf_hard,1,3250307,30.964850615114237,0.2466315172817809,1707
assoc_recall_hard,semrf_hard,1,3250307,33.61488862837046,0.2321219226260258,1706
assoc_recall_hard,semrf_hard,1,3250307,36.39718804920914,0.2694786174575278,1707
assoc_recall_hard,semrf_hard,1,3250307,39.27475102519039,0.2577621558289397,1707
assoc_recall_hard,semrf_hard,1,3250307,42.43728018757327,0.2444314185228605,1706
assoc_recall_hard,semrf_hard,1,3250307,46.14235500878735,0.2501464557703574,1707
assoc_recall_hard,semrf_hard,1,3250307,52.53719976567077,0.24897480960749854,1707
assoc_recall_hard,semrf_K64,0,3266819,11.543962485345839,0.2309495896834701,1706
assoc_recall_hard,semrf_K64,0,3266819,17.679554774458115,0.2630345635618043,1707
assoc_recall_hard,semrf_K64,0,3266819,21.394844756883423,0.2958406561218512,1707
assoc_recall_hard,semrf_K64,0,3266819,24.579718640093787,0.2901524032825322,1706
assoc_recall_hard,semrf_K64,0,3266819,27.51376684241359,0.31341534856473346,1707
assoc_recall_hard,semrf_K64,0,3266819,30.379027533684827,0.3104862331575864,1707
assoc_recall_hard,semrf_K64,0,3266819,33.15005861664713,0.3071512309495897,1706
assoc_recall_hard,semrf_K64,0,3266819,35.94083186877563,0.31165787932044525,1707
assoc_recall_hard,semrf_K64,0,3266819,38.77445811364968,0.31282952548330406,1707
assoc_recall_hard,semrf_K64,0,3266819,41.93610785463071,0.3452520515826495,1706
assoc_recall_hard,semrf_K64,0,3266819,45.76449912126538,0.3526654950205038,1707
assoc_recall_hard,semrf_K64,0,3266819,52.05858230814294,0.3591095489162273,1707
assoc_recall_hard,semrf_K64,1,3266819,11.781359906213364,0.2854630715123095,1706
assoc_recall_hard,semrf_K64,1,3266819,18.1593438781488,0.30697129466900996,1707
assoc_recall_hard,semrf_K64,1,3266819,21.9701230228471,0.30579964850615116,1707
assoc_recall_hard,semrf_K64,1,3266819,25.148886283704574,0.3048065650644783,1706
assoc_recall_hard,semrf_K64,1,3266819,28.105448154657292,0.3268892794376098,1707
assoc_recall_hard,semrf_K64,1,3266819,30.964850615114237,0.3186877562975981,1707
assoc_recall_hard,semrf_K64,1,3266819,33.61488862837046,0.32297772567409144,1706
assoc_recall_hard,semrf_K64,1,3266819,36.39718804920914,0.3368482718219098,1707
assoc_recall_hard,semrf_K64,1,3266819,39.27475102519039,0.3403632103104862,1707
assoc_recall_hard,semrf_K64,1,3266819,42.43728018757327,0.35345838218053927,1706
assoc_recall_hard,semrf_K64,1,3266819,46.14235500878735,0.35618043350908024,1707
assoc_recall_hard,semrf_K64,1,3266819,52.53719976567077,0.38898652606912715,1707
assoc_recall_hard,semrf_K8,0,3248003,11.543962485345839,0.29308323563892147,1706
assoc_recall_hard,semrf_K8,0,3248003,17.679554774458115,0.3157586408904511,1707
assoc_recall_hard,semrf_K8,0,3248003,21.394844756883423,0.3087287639132982,1707
assoc_recall_hard,semrf_K8,0,3248003,24.579718640093787,0.32063305978898005,1706
assoc_recall_hard,semrf_K8,0,3248003,27.51376684241359,0.325717633274751,1707
assoc_recall_hard,semrf_K8,0,3248003,30.379027533684827,0.3327475102519039,1707
assoc_recall_hard,semrf_K8,0,3248003,33.15005861664713,0.33411488862837047,1706
assoc_recall_hard,semrf_K8,0,3248003,35.94083186877563,0.3333333333333333,1707
assoc_recall_hard,semrf_K8,0,3248003,38.77445811364968,0.3456356180433509,1707
assoc_recall_hard,semrf_K8,0,3248003,41.93610785463071,0.3528722157092614,1706
assoc_recall_hard,semrf_K8,0,3248003,45.76449912126538,0.3456356180433509,1707
assoc_recall_hard,semrf_K8,0,3248003,52.05858230814294,0.36789689513766843,1707
assoc_recall_hard,semrf_K8,1,3248003,11.781359906213364,0.4126611957796014,1706
assoc_recall_hard,semrf_K8,1,3248003,18.1593438781488,0.4176918570591681,1707
assoc_recall_hard,semrf_K8,1,3248003,21.9701230228471,0.4194493263034564,1707
assoc_recall_hard,semrf_K8,1,3248003,25.148886283704574,0.4015240328253224,1706
assoc_recall_hard,semrf_K8,1,3248003,28.105448154657292,0.4100761570005858,1707
assoc_recall_hard,semrf_K8,1,3248003,30.964850615114237,0.4030462800234329,1707
assoc_recall_hard,semrf_K8,1,3248003,33.61488862837046,0.39976553341148885,1706
assoc_recall_hard,semrf_K8,1,3248003,36.39718804920914,0.4083186877562976,1707
assoc_recall_hard,semrf_K8,1,3248003,39.27475102519039,0.4018746338605741,1707
assoc_recall_hard,semrf_K8,1,3248003,42.43728018757327,0.4097303634232122,1706
assoc_recall_hard,semrf_K8,1,3248003,46.14235500878735,0.40597539543058,1707
assoc_recall_hard,semrf_K8,1,3248003,52.53719976567077,0.4206209724663152,1707
assoc_recall_hard,semrf_no_res,0,3233923,11.543962485345839,0.2737397420867526,1706
assoc_recall_hard,semrf_no_res,0,3233923,17.679554774458115,0.2694786174575278,1707
assoc_recall_hard,semrf_no_res,0,3233923,21.394844756883423,0.2595196250732279,1707
assoc_recall_hard,semrf_no_res,0,3233923,24.579718640093787,0.2813599062133646,1706
assoc_recall_hard,semrf_no_res,0,3233923,27.51376684241359,0.2601054481546573,1707
assoc_recall_hard,semrf_no_res,0,3233923,30.379027533684827,0.26479203280609254,1707
assoc_recall_hard,semrf_no_res,0,3233923,33.15005861664713,0.235052754982415,1706
assoc_recall_hard,semrf_no_res,0,3233923,35.94083186877563,0.2694786174575278,1707
assoc_recall_hard,semrf_no_res,0,3233923,38.77445811364968,0.2530755711775044,1707
assoc_recall_hard,semrf_no_res,0,3233923,41.93610785463071,0.26436107854630714,1706
assoc_recall_hard,semrf_no_res,0,3233923,45.76449912126538,0.26420620972466313,1707
assoc_recall_hard,semrf_no_res,0,3233923,52.05858230814294,0.24194493263034564,1707
assoc_recall_hard,semrf_no_res,1,3233923,11.781359906213364,0.2567409144196952,1706
assoc_recall_hard,semrf_no_res,1,3233923,18.1593438781488,0.2753368482718219,1707
assoc_recall_hard,semrf_no_res,1,3233923,21.9701230228471,0.26537785588752194,1707
assoc_recall_hard,semrf_no_res,1,3233923,25.148886283704574,0.2813599062133646,1706
assoc_recall_hard,semrf_no_res,1,3233923,28.105448154657292,0.27006444053895723,1707
assoc_recall_hard,semrf_no_res,1,3233923,30.964850615114237,0.27826596367896894,1707
assoc_recall_hard,semrf_no_res,1,3233923,33.61488862837046,0.2620164126611958,1706
assoc_recall_hard,semrf_no_res,1,3233923,36.39718804920914,0.28646748681898065,1707
assoc_recall_hard,semrf_no_res,1,3233923,39.27475102519039,0.2823667252489748,1707
assoc_recall_hard,semrf_no_res,1,3233923,42.43728018757327,0.25732708089097306,1706
assoc_recall_hard,semrf_no_res,1,3233923,46.14235500878735,0.27006444053895723,1707
assoc_recall_hard,semrf_no_res,1,3233923,52.53719976567077,0.29115407147041594,1707
assoc_recall_hard,semrf_no_sem,0,3250051,11.543962485345839,1.0,1706
assoc_recall_hard,semrf_no_sem,0,3250051,17.679554774458115,1.0,1707
assoc_recall_hard,semrf_no_sem,0,3250051,21.394844756883423,1.0,1707
assoc_recall_hard,semrf_no_sem,0,3250051,24.579718640093787,1.0,1706
assoc_recall_hard,semrf_no_sem,0,3250051,27.51376684241359,1.0,1707
assoc_recall_hard,semrf_no_sem,0,3250051,30.379027533684827,1.0,1707
assoc_recall_hard,semrf_no_sem,0,3250051,33.15005861664713,1.0,1706
assoc_recall_hard,semrf_no_sem,0,3250051,35.94083186877563,1.0,1707
assoc_recall_hard,semrf_no_sem,0,3250051,38.77445811364968,1.0,1707
assoc_recall_hard,semrf_no_sem,0,3250051,41.93610785463071,1.0,1706
assoc_recall_hard,semrf_no_sem,0,3250051,45.76449912126538,1.0,1707
assoc_recall_hard,semrf_no_sem,0,3250051,52.05858230814294,1.0,1707
assoc_recall_hard,semrf_no_sem,1,3250051,11.781359906213364,0.2608440797186401,1706
assoc_recall_hard,semrf_no_sem,1,3250051,18.1593438781488,0.2560046865846514,1707
assoc_recall_hard,semrf_no_sem,1,3250051,21.9701230228471,0.2501464557703574,1707
assoc_recall_hard,semrf_no_sem,1,3250051,25.148886283704574,0.2485345838218054,1706
assoc_recall_hard,semrf_no_sem,1,3250051,28.105448154657292,0.2542472173403632,1707
assoc_recall_hard,semrf_no_sem,1,3250051,30.964850615114237,0.2448740480374927,1707
assoc_recall_hard,semrf_no_sem,1,3250051,33.61488862837046,0.23036342321219228,1706
assoc_recall_hard,semrf_no_sem,1,3250051,36.39718804920914,0.2677211482132396,1707
assoc_recall_hard,semrf_no_sem,1,3250051,39.27475102519039,0.2548330404217926,1707
assoc_recall_hard,semrf_no_sem,1,3250051,42.43728018757327,0.24267291910902697,1706
assoc_recall_hard,semrf_no_sem,1,3250051,46.14235500878735,0.24838898652606914,1707
assoc_recall_hard,semrf_no_sem,1,3250051,52.53719976567077,0.252489748096075,1707
assoc_recall_hard,semrf_no_time,0,3250179,11.543962485345839,0.26436107854630714,1706
assoc_recall_hard,semrf_no_time,0,3250179,17.679554774458115,0.2589338019917985,1707
assoc_recall_hard,semrf_no_time,0,3250179,21.394844756883423,0.2624487404803749,1707
assoc_recall_hard,semrf_no_time,0,3250179,24.579718640093787,0.26143024618991795,1706
assoc_recall_hard,semrf_no_time,0,3250179,27.51376684241359,0.2565905096660808,1707
assoc_recall_hard,semrf_no_time,0,3250179,30.379027533684827,0.27123608670181604,1707
assoc_recall_hard,semrf_no_time,0,3250179,33.15005861664713,0.23856975381008205,1706
assoc_recall_hard,semrf_no_time,0,3250179,35.94083186877563,0.2677211482132396,1707
assoc_recall_hard,semrf_no_time,0,3250179,38.77445811364968,0.2501464557703574,1707
assoc_recall_hard,semrf_no_time,0,3250179,41.93610785463071,0.2661195779601407,1706
assoc_recall_hard,semrf_no_time,0,3250179,45.76449912126538,0.26537785588752194,1707
assoc_recall_hard,semrf_no_time,0,3250179,52.05858230814294,0.24897480960749854,1707
assoc_recall_hard,semrf_no_time,1,3250179,11.781359906213364,0.246189917936694,1706
assoc_recall_hard,semrf_no_time,1,3250179,18.1593438781488,0.2519039250146456,1707
assoc_recall_hard,semrf_no_time,1,3250179,21.9701230228471,0.2466315172817809,1707
assoc_recall_hard,semrf_no_time,1,3250179,25.148886283704574,0.2473622508792497,1706
assoc_recall_hard,semrf_no_time,1,3250179,28.105448154657292,0.2501464557703574,1707
assoc_recall_hard,semrf_no_time,1,3250179,30.964850615114237,0.2472173403632103,1707
assoc_recall_hard,semrf_no_time,1,3250179,33.61488862837046,0.22977725674091443,1706
assoc_recall_hard,semrf_no_time,1,3250179,36.39718804920914,0.2688927943760984,1707
assoc_recall_hard,semrf_no_time,1,3250179,39.27475102519039,0.2530755711775044,1707
assoc_recall_hard,semrf_no_time,1,3250179,42.43728018757327,0.24677608440797186,1706
assoc_recall_hard,semrf_no_time,1,3250179,46.14235500878735,0.252489748096075,1707
assoc_recall_hard,semrf_no_time,1,3250179,52.53719976567077,0.2612770943175161,1707
assoc_recall_hard,semrf,0,3250307,11.543962485345839,1.0,1706
assoc_recall_hard,semrf,0,3250307,17.679554774458115,1.0,1707
assoc_recall_hard,semrf,0,3250307,21.394844756883423,1.0,1707
assoc_recall_hard,semrf,0,3250307,24.579718640093787,1.0,1706
assoc_recall_hard,semrf,0,3250307,27.51376684241359,1.0,1707
assoc_recall_hard,semrf,0,3250307,30.379027533684827,1.0,1707
assoc_recall_hard,semrf,0,3250307,33.15005861664713,1.0,1706
assoc_recall_hard,semrf,0,3250307,35.94083186877563,1.0,1707
assoc_recall_hard,semrf,0,3250307,38.77445811364968,1.0,1707
assoc_recall_hard,semrf,0,3250307,41.93610785463071,1.0,1706
assoc_recall_hard,semrf,0,3250307,45.76449912126538,1.0,1707
assoc_recall_hard,semrf,0,3250307,52.05858230814294,1.0,1707
assoc_recall_hard,semrf,1,3250307,11.781359906213364,0.32590855803048063,1706
assoc_recall_hard,semrf,1,3250307,18.1593438781488,0.3444639718804921,1707
assoc_recall_hard,semrf,1,3250307,21.9701230228471,0.3292325717633275,1707
assoc_recall_hard,semrf,1,3250307,25.148886283704574,0.34759671746776083,1706
assoc_recall_hard,semrf,1,3250307,28.105448154657292,0.3362624487404804,1707
assoc_recall_hard,semrf,1,3250307,30.964850615114237,0.3145869947275923,1707
assoc_recall_hard,semrf,1,3250307,33.61488862837046,0.3130128956623681,1706
assoc_recall_hard,semrf,1,3250307,36.39718804920914,0.3532513181019332,1707
assoc_recall_hard,semrf,1,3250307,39.27475102519039,0.3333333333333333,1707
assoc_recall_hard,semrf,1,3250307,42.43728018757327,0.3264947245017585,1706
assoc_recall_hard,semrf,1,3250307,46.14235500878735,0.3368482718219098,1707
assoc_recall_hard,semrf,1,3250307,52.53719976567077,0.35442296426479203,1707
assoc_recall_hard,semrf,2,3250307,11.702813599062134,0.2790152403282532,1706
assoc_recall_hard,semrf,2,3250307,18.11775043936731,0.2659636789689514,1707
assoc_recall_hard,semrf,2,3250307,21.766842413591096,0.29291154071470415,1707
assoc_recall_hard,semrf,2,3250307,24.86459554513482,0.28194607268464245,1706
assoc_recall_hard,semrf,2,3250307,27.756883421206794,0.2665495020503808,1707
assoc_recall_hard,semrf,2,3250307,30.482718219097833,0.28471001757469244,1707
assoc_recall_hard,semrf,2,3250307,33.160023446658855,0.2731535756154748,1706
assoc_recall_hard,semrf,2,3250307,35.926772114821325,0.28529584065612185,1707
assoc_recall_hard,semrf,2,3250307,38.94669009958992,0.2694786174575278,1707
assoc_recall_hard,semrf,2,3250307,42.1189917936694,0.26260257913247365,1706
assoc_recall_hard,semrf,2,3250307,45.93087287639133,0.281195079086116,1707
assoc_recall_hard,semrf,2,3250307,52.3087287639133,0.27768014059753954,1707
assoc_recall_hard,sinusoidal,0,3163904,11.543962485345839,0.1981242672919109,1706
assoc_recall_hard,sinusoidal,0,3163904,17.679554774458115,0.2114821323960164,1707
assoc_recall_hard,sinusoidal,0,3163904,21.394844756883423,0.18863503222026948,1707
assoc_recall_hard,sinusoidal,0,3163904,24.579718640093787,0.20867526377491208,1706
assoc_recall_hard,sinusoidal,0,3163904,27.51376684241359,0.19214997070884593,1707
assoc_recall_hard,sinusoidal,0,3163904,30.379027533684827,0.2038664323374341,1707
assoc_recall_hard,sinusoidal,0,3163904,33.15005861664713,0.1817116060961313,1706
assoc_recall_hard,sinusoidal,0,3163904,35.94083186877563,0.1974223784417106,1707
assoc_recall_hard,sinusoidal,0,3163904,38.77445811364968,0.20855301698886936,1707
assoc_recall_hard,sinusoidal,0,3163904,41.93610785463071,0.19343493552168817,1706
assoc_recall_hard,sinusoidal,0,3163904,45.76449912126538,0.2032806092560047,1707
assoc_recall_hard,sinusoidal,0,3163904,52.05858230814294,0.19800820152314,1707
assoc_recall_hard,sinusoidal,1,3163904,11.781359906213364,0.15885111371629543,1706
assoc_recall_hard,sinusoidal,1,3163904,18.1593438781488,0.16461628588166374,1707
assoc_recall_hard,sinusoidal,1,3163904,21.9701230228471,0.1540714704159344,1707
assoc_recall_hard,sinusoidal,1,3163904,25.148886283704574,0.13188745603751464,1706
assoc_recall_hard,sinusoidal,1,3163904,28.105448154657292,0.14879906268306972,1707
assoc_recall_hard,sinusoidal,1,3163904,30.964850615114237,0.1605155243116579,1707
assoc_recall_hard,sinusoidal,1,3163904,33.61488862837046,0.1477139507620164,1706
assoc_recall_hard,sinusoidal,1,3163904,36.39718804920914,0.15934387814879905,1707
assoc_recall_hard,sinusoidal,1,3163904,39.27475102519039,0.14938488576449913,1707
assoc_recall_hard,sinusoidal,1,3163904,42.43728018757327,0.1652989449003517,1706
assoc_recall_hard,sinusoidal,1,3163904,46.14235500878735,0.1751611013473931,1707
assoc_recall_hard,sinusoidal,1,3163904,52.53719976567077,0.14938488576449913,1707
assoc_recall_hard,sinusoidal,2,3163904,11.702813599062134,0.17995310668229778,1706
assoc_recall_hard,sinusoidal,2,3163904,18.11775043936731,0.18043350908025776,1707
assoc_recall_hard,sinusoidal,2,3163904,21.766842413591096,0.18101933216168717,1707
assoc_recall_hard,sinusoidal,2,3163904,24.86459554513482,0.18112543962485345,1706
assoc_recall_hard,sinusoidal,2,3163904,27.756883421206794,0.17867603983596952,1707
assoc_recall_hard,sinusoidal,2,3163904,30.482718219097833,0.17984768599882836,1707
assoc_recall_hard,sinusoidal,2,3163904,33.160023446658855,0.18757327080890973,1706
assoc_recall_hard,sinusoidal,2,3163904,35.926772114821325,0.19390743995313414,1707
assoc_recall_hard,sinusoidal,2,3163904,38.94669009958992,0.17984768599882836,1707
assoc_recall_hard,sinusoidal,2,3163904,42.1189917936694,0.18522860492379836,1706
assoc_recall_hard,sinusoidal,2,3163904,45.93087287639133,0.18160515524311657,1707
assoc_recall_hard,sinusoidal,2,3163904,52.3087287639133,0.16520210896309315,1707
assoc_recall_hard,t5,0,3164160,11.543962485345839,0.2737397420867526,1706
assoc_recall_hard,t5,0,3164160,17.679554774458115,0.2688927943760984,1707
assoc_recall_hard,t5,0,3164160,21.394844756883423,0.2759226713532513,1707
assoc_recall_hard,t5,0,3164160,24.579718640093787,0.28194607268464245,1706
assoc_recall_hard,t5,0,3164160,27.51376684241359,0.26420620972466313,1707
assoc_recall_hard,t5,0,3164160,30.379027533684827,0.27943760984182775,1707
assoc_recall_hard,t5,0,3164160,33.15005861664713,0.24150058616647127,1706
assoc_recall_hard,t5,0,3164160,35.94083186877563,0.27299355594610425,1707
assoc_recall_hard,t5,0,3164160,38.77445811364968,0.2606912712360867,1707
assoc_recall_hard,t5,0,3164160,41.93610785463071,0.2749120750293083,1706
assoc_recall_hard,t5,0,3164160,45.76449912126538,0.2677211482132396,1707
assoc_recall_hard,t5,0,3164160,52.05858230814294,0.2478031634446397,1707
assoc_recall_hard,t5,1,3164160,11.781359906213364,0.24912075029308323,1706
assoc_recall_hard,t5,1,3164160,18.1593438781488,0.2519039250146456,1707
assoc_recall_hard,t5,1,3164160,21.9701230228471,0.2478031634446397,1707
assoc_recall_hard,t5,1,3164160,25.148886283704574,0.24267291910902697,1706
assoc_recall_hard,t5,1,3164160,28.105448154657292,0.255418863503222,1707
assoc_recall_hard,t5,1,3164160,30.964850615114237,0.24838898652606914,1707
assoc_recall_hard,t5,1,3164160,33.61488862837046,0.23036342321219228,1706
assoc_recall_hard,t5,1,3164160,36.39718804920914,0.2665495020503808,1707
assoc_recall_hard,t5,1,3164160,39.27475102519039,0.2577621558289397,1707
assoc_recall_hard,t5,1,3164160,42.43728018757327,0.2473622508792497,1706
assoc_recall_hard,t5,1,3164160,46.14235500878735,0.2560046865846514,1707
assoc_recall_hard,t5,1,3164160,52.53719976567077,0.2606912712360867,1707
assoc_recall_hard,t5,2,3164160,11.702813599062134,0.3347010550996483,1706
assoc_recall_hard,t5,2,3164160,18.11775043936731,0.31985940246045697,1707
assoc_recall_hard,t5,2,3164160,21.766842413591096,0.3304042179261863,1707
assoc_recall_hard,t5,2,3164160,24.86459554513482,0.33939038686987105,1706
assoc_recall_hard,t5,2,3164160,27.756883421206794,0.3315758640890451,1707
assoc_recall_hard,t5,2,3164160,30.482718219097833,0.34856473345049793,1707
assoc_recall_hard,t5,2,3164160,33.160023446658855,0.34583821805392734,1706
assoc_recall_hard,t5,2,3164160,35.926772114821325,0.3532513181019332,1707
assoc_recall_hard,t5,2,3164160,38.94669009958992,0.35559461042765084,1707
assoc_recall_hard,t5,2,3164160,42.1189917936694,0.35228604923798357,1706
assoc_recall_hard,t5,2,3164160,45.93087287639133,0.3532513181019332,1707
assoc_recall_hard,t5,2,3164160,52.3087287639133,0.3245459871118922,1707
temporal_recency,alibi,0,3161088,2.0,1.0,3963
temporal_recency,alibi,0,3161088,2.0,1.0,3963
temporal_recency,alibi,0,3161088,3.9114530776992935,1.0,3964
temporal_recency,alibi,0,3161088,5.125410042896795,1.0,3963
temporal_recency,alibi,0,3161088,7.128657921291625,1.0,3964
temporal_recency,alibi,0,3161088,8.939439818319455,1.0,3963
temporal_recency,alibi,0,3161088,11.22735301539238,1.0,3963
temporal_recency,alibi,0,3161088,14.13824419778002,1.0,3964
temporal_recency,alibi,0,3161088,17.73252586424426,1.0,3963
temporal_recency,alibi,0,3161088,22.417255297679112,1.0,3964
temporal_recency,alibi,0,3161088,29.721927832450163,1.0,3963
temporal_recency,alibi,0,3161088,47.29717457114026,1.0,3964
temporal_recency,alibi,1,3161088,2.0,1.0,3960
temporal_recency,alibi,1,3161088,2.0,1.0,3960
temporal_recency,alibi,1,3161088,3.937373737373737,1.0,3960
temporal_recency,alibi,1,3161088,5.171717171717172,1.0,3960
temporal_recency,alibi,1,3161088,7.2169191919191915,1.0,3960
temporal_recency,alibi,1,3161088,9.060858585858586,1.0,3960
temporal_recency,alibi,1,3161088,11.413636363636364,1.0,3960
temporal_recency,alibi,1,3161088,14.242171717171717,1.0,3960
temporal_recency,alibi,1,3161088,17.819444444444443,1.0,3960
temporal_recency,alibi,1,3161088,22.61691919191919,1.0,3960
temporal_recency,alibi,1,3161088,29.74368686868687,1.0,3960
temporal_recency,alibi,1,3161088,47.11969696969697,1.0,3960
temporal_recency,alibi,2,3161088,2.0,1.0,3969
temporal_recency,alibi,2,3161088,2.0,1.0,3970
temporal_recency,alibi,2,3161088,3.9201511335012595,1.0,3970
temporal_recency,alibi,2,3161088,5.168010075566751,1.0,3970
temporal_recency,alibi,2,3161088,7.209876543209877,1.0,3969
temporal_recency,alibi,2,3161088,9.01662468513854,1.0,3970
temporal_recency,alibi,2,3161088,11.326952141057934,1.0,3970
temporal_recency,alibi,2,3161088,14.246851385390428,1.0,3970
temporal_recency,alibi,2,3161088,17.792642983119173,1.0,3969
temporal_recency,alibi,2,3161088,22.524433249370276,1.0,3970
temporal_recency,alibi,2,3161088,29.850125944584384,1.0,3970
temporal_recency,alibi,2,3161088,47.09319899244333,1.0,3970
temporal_recency,cable,0,3169312,2.0,1.0,3963
temporal_recency,cable,0,3169312,2.0,1.0,3963
temporal_recency,cable,0,3169312,3.9114530776992935,1.0,3964
temporal_recency,cable,0,3169312,5.125410042896795,1.0,3963
temporal_recency,cable,0,3169312,7.128657921291625,1.0,3964
temporal_recency,cable,0,3169312,8.939439818319455,1.0,3963
temporal_recency,cable,0,3169312,11.22735301539238,1.0,3963
temporal_recency,cable,0,3169312,14.13824419778002,1.0,3964
temporal_recency,cable,0,3169312,17.73252586424426,1.0,3963
temporal_recency,cable,0,3169312,22.417255297679112,1.0,3964
temporal_recency,cable,0,3169312,29.721927832450163,1.0,3963
temporal_recency,cable,0,3169312,47.29717457114026,1.0,3964
temporal_recency,cable,1,3169312,2.0,1.0,3960
temporal_recency,cable,1,3169312,2.0,1.0,3960
temporal_recency,cable,1,3169312,3.937373737373737,1.0,3960
temporal_recency,cable,1,3169312,5.171717171717172,1.0,3960
temporal_recency,cable,1,3169312,7.2169191919191915,1.0,3960
temporal_recency,cable,1,3169312,9.060858585858586,1.0,3960
temporal_recency,cable,1,3169312,11.413636363636364,1.0,3960
temporal_recency,cable,1,3169312,14.242171717171717,1.0,3960
temporal_recency,cable,1,3169312,17.819444444444443,1.0,3960
temporal_recency,cable,1,3169312,22.61691919191919,1.0,3960
temporal_recency,cable,1,3169312,29.74368686868687,1.0,3960
temporal_recency,cable,1,3169312,47.11969696969697,1.0,3960
temporal_recency,cable,2,3169312,2.0,1.0,3969
temporal_recency,cable,2,3169312,2.0,1.0,3970
temporal_recency,cable,2,3169312,3.9201511335012595,1.0,3970
temporal_recency,cable,2,3169312,5.168010075566751,1.0,3970
temporal_recency,cable,2,3169312,7.209876543209877,1.0,3969
temporal_recency,cable,2,3169312,9.01662468513854,1.0,3970
temporal_recency,cable,2,3169312,11.326952141057934,1.0,3970
temporal_recency,cable,2,3169312,14.246851385390428,1.0,3970
temporal_recency,cable,2,3169312,17.792642983119173,1.0,3969
temporal_recency,cable,2,3169312,22.524433249370276,1.0,3970
temporal_recency,cable,2,3169312,29.850125944584384,1.0,3970
temporal_recency,cable,2,3169312,47.09319899244333,1.0,3970
temporal_recency,learned,0,3259648,2.0,1.0,3963
temporal_recency,learned,0,3259648,2.0,1.0,3963
temporal_recency,learned,0,3259648,3.9114530776992935,0.9992431886982845,3964
temporal_recency,learned,0,3259648,5.125410042896795,0.9997476659096644,3963
temporal_recency,learned,0,3259648,7.128657921291625,1.0,3964
temporal_recency,learned,0,3259648,8.939439818319455,1.0,3963
temporal_recency,learned,0,3259648,11.22735301539238,0.9997476659096644,3963
temporal_recency,learned,0,3259648,14.13824419778002,1.0,3964
temporal_recency,learned,0,3259648,17.73252586424426,0.9997476659096644,3963
temporal_recency,learned,0,3259648,22.417255297679112,1.0,3964
temporal_recency,learned,0,3259648,29.721927832450163,0.9992429977289932,3963
temporal_recency,learned,0,3259648,47.29717457114026,1.0,3964
temporal_recency,learned,1,3259648,2.0,1.0,3960
temporal_recency,learned,1,3259648,2.0,1.0,3960
temporal_recency,learned,1,3259648,3.937373737373737,1.0,3960
temporal_recency,learned,1,3259648,5.171717171717172,1.0,3960
temporal_recency,learned,1,3259648,7.2169191919191915,1.0,3960
temporal_recency,learned,1,3259648,9.060858585858586,1.0,3960
temporal_recency,learned,1,3259648,11.413636363636364,1.0,3960
temporal_recency,learned,1,3259648,14.242171717171717,1.0,3960
temporal_recency,learned,1,3259648,17.819444444444443,1.0,3960
temporal_recency,learned,1,3259648,22.61691919191919,1.0,3960
temporal_recency,learned,1,3259648,29.74368686868687,1.0,3960
temporal_recency,learned,1,3259648,47.11969696969697,1.0,3960
temporal_recency,learned,2,3259648,2.0,1.0,3969
temporal_recency,learned,2,3259648,2.0,1.0,3970
temporal_recency,learned,2,3259648,3.9201511335012595,1.0,3970
temporal_recency,learned,2,3259648,5.168010075566751,1.0,3970
temporal_recency,learned,2,3259648,7.209876543209877,1.0,3969
temporal_recency,learned,2,3259648,9.01662468513854,1.0,3970
temporal_recency,learned,2,3259648,11.326952141057934,1.0,3970
temporal_recency,learned,2,3259648,14.246851385390428,1.0,3970
temporal_recency,learned,2,3259648,17.792642983119173,1.0,3969
temporal_recency,learned,2,3259648,22.524433249370276,1.0,3970
temporal_recency,learned,2,3259648,29.850125944584384,1.0,3970
temporal_recency,learned,2,3259648,47.09319899244333,1.0,3970
temporal_recency,nope,0,3161088,2.0,0.8967953570527378,3963
temporal_recency,nope,0,3161088,2.0,0.8952813525107242,3963
temporal_recency,nope,0,3161088,3.9114530776992935,0.30297679112008075,3964
temporal_recency,nope,0,3161088,5.125410042896795,0.5427706283118849,3963
temporal_recency,nope,0,3161088,7.128657921291625,0.28506559031281536,3964
temporal_recency,nope,0,3161088,8.939439818319455,0.31213726974514255,3963
temporal_recency,nope,0,3161088,11.22735301539238,0.31011859702245775,3963
temporal_recency,nope,0,3161088,14.13824419778002,0.2729566094853683,3964
temporal_recency,nope,0,3161088,17.73252586424426,0.23668937673479687,3963
temporal_recency,nope,0,3161088,22.417255297679112,0.2330978809283552,3964
temporal_recency,nope,0,3161088,29.721927832450163,0.20161493817814788,3963
temporal_recency,nope,0,3161088,47.29717457114026,0.2119071644803229,3964
temporal_recency,nope,1,3161088,2.0,1.0,3960
temporal_recency,nope,1,3161088,2.0,1.0,3960
temporal_recency,nope,1,3161088,3.937373737373737,0.9997474747474747,3960
temporal_recency,nope,1,3161088,5.171717171717172,1.0,3960
temporal_recency,nope,1,3161088,7.2169191919191915,0.9997474747474747,3960
temporal_recency,nope,1,3161088,9.060858585858586,1.0,3960
temporal_recency,nope,1,3161088,11.413636363636364,1.0,3960
temporal_recency,nope,1,3161088,14.242171717171717,0.9997474747474747,3960
temporal_recency,nope,1,3161088,17.819444444444443,0.9997474747474747,3960
temporal_recency,nope,1,3161088,22.61691919191919,0.998989898989899,3960
temporal_recency,nope,1,3161088,29.74368686868687,0.9997474747474747,3960
temporal_recency,nope,1,3161088,47.11969696969697,0.9997474747474747,3960
temporal_recency,nope,2,3161088,2.0,0.999748047367095,3969
temporal_recency,nope,2,3161088,2.0,0.9984886649874055,3970
temporal_recency,nope,2,3161088,3.9201511335012595,0.9992443324937028,3970
temporal_recency,nope,2,3161088,5.168010075566751,0.9987405541561712,3970
temporal_recency,nope,2,3161088,7.209876543209877,0.999748047367095,3969
temporal_recency,nope,2,3161088,9.01662468513854,0.9994962216624685,3970
temporal_recency,nope,2,3161088,11.326952141057934,0.9992443324937028,3970
temporal_recency,nope,2,3161088,14.246851385390428,0.9997481108312343,3970
temporal_recency,nope,2,3161088,17.792642983119173,0.999244142101285,3969
temporal_recency,nope,2,3161088,22.524433249370276,1.0,3970
temporal_recency,nope,2,3161088,29.850125944584384,0.9997481108312343,3970
temporal_recency,nope,2,3161088,47.09319899244333,0.9997481108312343,3970
temporal_recency,rope,0,3161088,2.0,1.0,3963
temporal_recency,rope,0,3161088,2.0,1.0,3963
temporal_recency,rope,0,3161088,3.9114530776992935,1.0,3964
temporal_recency,rope,0,3161088,5.125410042896795,1.0,3963
temporal_recency,rope,0,3161088,7.128657921291625,1.0,3964
temporal_recency,rope,0,3161088,8.939439818319455,1.0,3963
temporal_recency,rope,0,3161088,11.22735301539238,1.0,3963
temporal_recency,rope,0,3161088,14.13824419778002,1.0,3964
temporal_recency,rope,0,3161088,17.73252586424426,1.0,3963
temporal_recency,rope,0,3161088,22.417255297679112,1.0,3964
temporal_recency,rope,0,3161088,29.721927832450163,1.0,3963
temporal_recency,rope,0,3161088,47.29717457114026,1.0,3964
temporal_recency,rope,1,3161088,2.0,0.7886363636363637,3960
temporal_recency,rope,1,3161088,2.0,0.7934343434343434,3960
temporal_recency,rope,1,3161088,3.937373737373737,0.43232323232323233,3960
temporal_recency,rope,1,3161088,5.171717171717172,0.5931818181818181,3960
temporal_recency,rope,1,3161088,7.2169191919191915,0.37196969696969695,3960
temporal_recency,rope,1,3161088,9.060858585858586,0.3351010101010101,3960
temporal_recency,rope,1,3161088,11.413636363636364,0.31212121212121213,3960
temporal_recency,rope,1,3161088,14.242171717171717,0.29772727272727273,3960
temporal_recency,rope,1,3161088,17.819444444444443,0.26515151515151514,3960
temporal_recency,rope,1,3161088,22.61691919191919,0.23282828282828283,3960
temporal_recency,rope,1,3161088,29.74368686868687,0.22121212121212122,3960
temporal_recency,rope,1,3161088,47.11969696969697,0.173989898989899,3960
temporal_recency,rope,2,3161088,2.0,0.8750314940791132,3969
temporal_recency,rope,2,3161088,2.0,0.882367758186398,3970
temporal_recency,rope,2,3161088,3.9201511335012595,0.38841309823677583,3970
temporal_recency,rope,2,3161088,5.168010075566751,0.6357682619647356,3970
temporal_recency,rope,2,3161088,7.209876543209877,0.290753338372386,3969
temporal_recency,rope,2,3161088,9.01662468513854,0.3103274559193955,3970
temporal_recency,rope,2,3161088,11.326952141057934,0.3012594458438287,3970
temporal_recency,rope,2,3161088,14.246851385390428,0.25239294710327453,3970
temporal_recency,rope,2,3161088,17.792642983119173,0.23356009070294784,3969
temporal_recency,rope,2,3161088,22.524433249370276,0.21738035264483627,3970
temporal_recency,rope,2,3161088,29.850125944584384,0.2075566750629723,3970
temporal_recency,rope,2,3161088,47.09319899244333,0.1778337531486146,3970
temporal_recency,semrf_hard,0,3247491,2.0,1.0,3963
temporal_recency,semrf_hard,0,3247491,2.0,1.0,3963
temporal_recency,semrf_hard,0,3247491,3.9114530776992935,1.0,3964
temporal_recency,semrf_hard,0,3247491,5.125410042896795,1.0,3963
temporal_recency,semrf_hard,0,3247491,7.128657921291625,1.0,3964
temporal_recency,semrf_hard,0,3247491,8.939439818319455,1.0,3963
temporal_recency,semrf_hard,0,3247491,11.22735301539238,1.0,3963
temporal_recency,semrf_hard,0,3247491,14.13824419778002,1.0,3964
temporal_recency,semrf_hard,0,3247491,17.73252586424426,1.0,3963
temporal_recency,semrf_hard,0,3247491,22.417255297679112,1.0,3964
temporal_recency,semrf_hard,0,3247491,29.721927832450163,1.0,3963
temporal_recency,semrf_hard,0,3247491,47.29717457114026,1.0,3964
temporal_recency,semrf_hard,1,3247491,2.0,1.0,3960
temporal_recency,semrf_hard,1,3247491,2.0,1.0,3960
temporal_recency,semrf_hard,1,3247491,3.937373737373737,1.0,3960
temporal_recency,semrf_hard,1,3247491,5.171717171717172,1.0,3960
temporal_recency,semrf_hard,1,3247491,7.2169191919191915,1.0,3960
temporal_recency,semrf_hard,1,3247491,9.060858585858586,1.0,3960
temporal_recency,semrf_hard,1,3247491,11.413636363636364,1.0,3960
temporal_recency,semrf_hard,1,3247491,14.242171717171717,1.0,3960
temporal_recency,semrf_hard,1,3247491,17.819444444444443,1.0,3960
temporal_recency,semrf_hard,1,3247491,22.61691919191919,1.0,3960
temporal_recency,semrf_hard,1,3247491,29.74368686868687,1.0,3960
temporal_recency,semrf_hard,1,3247491,47.11969696969697,1.0,3960
temporal_recency,semrf_K64,0,3264003,2.0,1.0,3963
temporal_recency,semrf_K64,0,3264003,2.0,1.0,3963
temporal_recency,semrf_K64,0,3264003,3.9114530776992935,1.0,3964
temporal_recency,semrf_K64,0,3264003,5.125410042896795,1.0,3963
temporal_recency,semrf_K64,0,3264003,7.128657921291625,1.0,3964
temporal_recency,semrf_K64,0,3264003,8.939439818319455,1.0,3963
temporal_recency,semrf_K64,0,3264003,11.22735301539238,1.0,3963
temporal_recency,semrf_K64,0,3264003,14.13824419778002,1.0,3964
temporal_recency,semrf_K64,0,3264003,17.73252586424426,1.0,3963
temporal_recency,semrf_K64,0,3264003,22.417255297679112,1.0,3964
temporal_recency,semrf_K64,0,3264003,29.721927832450163,1.0,3963
temporal_recency,semrf_K64,0,3264003,47.29717457114026,1.0,3964
temporal_recency,semrf_K64,1,3264003,2.0,1.0,3960
temporal_recency,semrf_K64,1,3264003,2.0,1.0,3960
temporal_recency,semrf_K64,1,3264003,3.937373737373737,1.0,3960
temporal_recency,semrf_K64,1,3264003,5.171717171717172,1.0,3960
temporal_recency,semrf_K64,1,3264003,7.2169191919191915,1.0,3960
temporal_recency,semrf_K64,1,3264003,9.060858585858586,1.0,3960
temporal_recency,semrf_K64,1,3264003,11.413636363636364,1.0,3960
temporal_recency,semrf_K64,1,3264003,14.242171717171717,1.0,3960
temporal_recency,semrf_K64,1,3264003,17.819444444444443,1.0,3960
temporal_recency,semrf_K64,1,3264003,22.61691919191919,1.0,3960
temporal_recency,semrf_K64,1,3264003,29.74368686868687,1.0,3960
temporal_recency,semrf_K64,1,3264003,47.11969696969697,1.0,3960
temporal_recency,semrf_K8,0,3245187,2.0,1.0,3963
temporal_recency,semrf_K8,0,3245187,2.0,1.0,3963
temporal_recency,semrf_K8,0,3245187,3.9114530776992935,1.0,3964
temporal_recency,semrf_K8,0,3245187,5.125410042896795,1.0,3963
temporal_recency,semrf_K8,0,3245187,7.128657921291625,1.0,3964
temporal_recency,semrf_K8,0,3245187,8.939439818319455,1.0,3963
temporal_recency,semrf_K8,0,3245187,11.22735301539238,1.0,3963
temporal_recency,semrf_K8,0,3245187,14.13824419778002,1.0,3964
temporal_recency,semrf_K8,0,3245187,17.73252586424426,1.0,3963
temporal_recency,semrf_K8,0,3245187,22.417255297679112,1.0,3964
temporal_recency,semrf_K8,0,3245187,29.721927832450163,1.0,3963
temporal_recency,semrf_K8,0,3245187,47.29717457114026,1.0,3964
temporal_recency,semrf_K8,1,3245187,2.0,1.0,3960
temporal_recency,semrf_K8,1,3245187,2.0,1.0,3960
temporal_recency,semrf_K8,1,3245187,3.937373737373737,1.0,3960
temporal_recency,semrf_K8,1,3245187,5.171717171717172,1.0,3960
temporal_recency,semrf_K8,1,3245187,7.2169191919191915,1.0,3960
temporal_recency,semrf_K8,1,3245187,9.060858585858586,1.0,3960
temporal_recency,semrf_K8,1,3245187,11.413636363636364,1.0,3960
temporal_recency,semrf_K8,1,3245187,14.242171717171717,1.0,3960
temporal_recency,semrf_K8,1,3245187,17.819444444444443,1.0,3960
temporal_recency,semrf_K8,1,3245187,22.61691919191919,1.0,3960
temporal_recency,semrf_K8,1,3245187,29.74368686868687,1.0,3960
temporal_recency,semrf_K8,1,3245187,47.11969696969697,1.0,3960
temporal_recency,semrf_no_res,0,3231107,2.0,1.0,3963
temporal_recency,semrf_no_res,0,3231107,2.0,1.0,3963
temporal_recency,semrf_no_res,0,3231107,3.9114530776992935,1.0,3964
temporal_recency,semrf_no_res,0,3231107,5.125410042896795,1.0,3963
temporal_recency,semrf_no_res,0,3231107,7.128657921291625,1.0,3964
temporal_recency,semrf_no_res,0,3231107,8.939439818319455,1.0,3963
temporal_recency,semrf_no_res,0,3231107,11.22735301539238,1.0,3963
temporal_recency,semrf_no_res,0,3231107,14.13824419778002,1.0,3964
temporal_recency,semrf_no_res,0,3231107,17.73252586424426,1.0,3963
temporal_recency,semrf_no_res,0,3231107,22.417255297679112,1.0,3964
temporal_recency,semrf_no_res,0,3231107,29.721927832450163,1.0,3963
temporal_recency,semrf_no_res,0,3231107,47.29717457114026,1.0,3964
temporal_recency,semrf_no_res,1,3231107,2.0,1.0,3960
temporal_recency,semrf_no_res,1,3231107,2.0,1.0,3960
temporal_recency,semrf_no_res,1,3231107,3.937373737373737,1.0,3960
temporal_recency,semrf_no_res,1,3231107,5.171717171717172,1.0,3960
temporal_recency,semrf_no_res,1,3231107,7.2169191919191915,1.0,3960
temporal_recency,semrf_no_res,1,3231107,9.060858585858586,1.0,3960
temporal_recency,semrf_no_res,1,3231107,11.413636363636364,1.0,3960
temporal_recency,semrf_no_res,1,3231107,14.242171717171717,1.0,3960
temporal_recency,semrf_no_res,1,3231107,17.819444444444443,1.0,3960
temporal_recency,semrf_no_res,1,3231107,22.61691919191919,1.0,3960
temporal_recency,semrf_no_res,1,3231107,29.74368686868687,1.0,3960
temporal_recency,semrf_no_res,1,3231107,47.11969696969697,1.0,3960
temporal_recency,semrf_no_sem,0,3247235,2.0,1.0,3963
temporal_recency,semrf_no_sem,0,3247235,2.0,1.0,3963
temporal_recency,semrf_no_sem,0,3247235,3.9114530776992935,1.0,3964
temporal_recency,semrf_no_sem,0,3247235,5.125410042896795,1.0,3963
temporal_recency,semrf_no_sem,0,3247235,7.128657921291625,1.0,3964
temporal_recency,semrf_no_sem,0,3247235,8.939439818319455,1.0,3963
temporal_recency,semrf_no_sem,0,3247235,11.22735301539238,1.0,3963
temporal_recency,semrf_no_sem,0,3247235,14.13824419778002,1.0,3964
temporal_recency,semrf_no_sem,0,3247235,17.73252586424426,1.0,3963
temporal_recency,semrf_no_sem,0,3247235,22.417255297679112,1.0,3964
temporal_recency,semrf_no_sem,0,3247235,29.721927832450163,1.0,3963
temporal_recency,semrf_no_sem,0,3247235,47.29717457114026,1.0,3964
temporal_recency,semrf_no_sem,1,3247235,2.0,1.0,3960
temporal_recency,semrf_no_sem,1,3247235,2.0,1.0,3960
temporal_recency,semrf_no_sem,1,3247235,3.937373737373737,1.0,3960
temporal_recency,semrf_no_sem,1,3247235,5.171717171717172,1.0,3960
temporal_recency,semrf_no_sem,1,3247235,7.2169191919191915,1.0,3960
temporal_recency,semrf_no_sem,1,3247235,9.060858585858586,1.0,3960
temporal_recency,semrf_no_sem,1,3247235,11.413636363636364,1.0,3960
temporal_recency,semrf_no_sem,1,3247235,14.242171717171717,1.0,3960
temporal_recency,semrf_no_sem,1,3247235,17.819444444444443,1.0,3960
temporal_recency,semrf_no_sem,1,3247235,22.61691919191919,1.0,3960
temporal_recency,semrf_no_sem,1,3247235,29.74368686868687,1.0,3960
temporal_recency,semrf_no_sem,1,3247235,47.11969696969697,1.0,3960
temporal_recency,semrf_no_time,0,3247363,2.0,1.0,3963
temporal_recency,semrf_no_time,0,3247363,2.0,0.9997476659096644,3963
temporal_recency,semrf_no_time,0,3247363,3.9114530776992935,0.9994954591321897,3964
temporal_recency,semrf_no_time,0,3247363,5.125410042896795,0.9997476659096644,3963
temporal_recency,semrf_no_time,0,3247363,7.128657921291625,0.9989909182643795,3964
temporal_recency,semrf_no_time,0,3247363,8.939439818319455,0.998738329548322,3963
temporal_recency,semrf_no_time,0,3247363,11.22735301539238,0.998738329548322,3963
temporal_recency,semrf_no_time,0,3247363,14.13824419778002,0.9974772956609486,3964
temporal_recency,semrf_no_time,0,3247363,17.73252586424426,0.9967196568256371,3963
temporal_recency,semrf_no_time,0,3247363,22.417255297679112,0.9964682139253279,3964
temporal_recency,semrf_no_time,0,3247363,29.721927832450163,0.9964673227353016,3963
temporal_recency,semrf_no_time,0,3247363,47.29717457114026,0.9906659939455096,3964
temporal_recency,semrf_no_time,1,3247363,2.0,1.0,3960
temporal_recency,semrf_no_time,1,3247363,2.0,1.0,3960
temporal_recency,semrf_no_time,1,3247363,3.937373737373737,0.9994949494949495,3960
temporal_recency,semrf_no_time,1,3247363,5.171717171717172,0.9992424242424243,3960
temporal_recency,semrf_no_time,1,3247363,7.2169191919191915,0.9984848484848485,3960
temporal_recency,semrf_no_time,1,3247363,9.060858585858586,0.9984848484848485,3960
temporal_recency,semrf_no_time,1,3247363,11.413636363636364,0.997979797979798,3960
temporal_recency,semrf_no_time,1,3247363,14.242171717171717,0.9992424242424243,3960
temporal_recency,semrf_no_time,1,3247363,17.819444444444443,0.9959595959595959,3960
temporal_recency,semrf_no_time,1,3247363,22.61691919191919,0.9957070707070707,3960
temporal_recency,semrf_no_time,1,3247363,29.74368686868687,0.9941919191919192,3960
temporal_recency,semrf_no_time,1,3247363,47.11969696969697,0.9906565656565657,3960
temporal_recency,semrf,0,3247491,2.0,1.0,3963
temporal_recency,semrf,0,3247491,2.0,1.0,3963
temporal_recency,semrf,0,3247491,3.9114530776992935,1.0,3964
temporal_recency,semrf,0,3247491,5.125410042896795,1.0,3963
temporal_recency,semrf,0,3247491,7.128657921291625,1.0,3964
temporal_recency,semrf,0,3247491,8.939439818319455,1.0,3963
temporal_recency,semrf,0,3247491,11.22735301539238,1.0,3963
temporal_recency,semrf,0,3247491,14.13824419778002,1.0,3964
temporal_recency,semrf,0,3247491,17.73252586424426,1.0,3963
temporal_recency,semrf,0,3247491,22.417255297679112,1.0,3964
temporal_recency,semrf,0,3247491,29.721927832450163,1.0,3963
temporal_recency,semrf,0,3247491,47.29717457114026,1.0,3964
temporal_recency,semrf,1,3247491,2.0,1.0,3960
temporal_recency,semrf,1,3247491,2.0,1.0,3960
temporal_recency,semrf,1,3247491,3.937373737373737,1.0,3960
temporal_recency,semrf,1,3247491,5.171717171717172,1.0,3960
temporal_recency,semrf,1,3247491,7.2169191919191915,1.0,3960
temporal_recency,semrf,1,3247491,9.060858585858586,1.0,3960
temporal_recency,semrf,1,3247491,11.413636363636364,1.0,3960
temporal_recency,semrf,1,3247491,14.242171717171717,1.0,3960
temporal_recency,semrf,1,3247491,17.819444444444443,1.0,3960
temporal_recency,semrf,1,3247491,22.61691919191919,1.0,3960
temporal_recency,semrf,1,3247491,29.74368686868687,1.0,3960
temporal_recency,semrf,1,3247491,47.11969696969697,0.9997474747474747,3960
temporal_recency,semrf,2,3247491,2.0,1.0,3969
temporal_recency,semrf,2,3247491,2.0,1.0,3970
temporal_recency,semrf,2,3247491,3.9201511335012595,1.0,3970
temporal_recency,semrf,2,3247491,5.168010075566751,1.0,3970
temporal_recency,semrf,2,3247491,7.209876543209877,1.0,3969
temporal_recency,semrf,2,3247491,9.01662468513854,1.0,3970
temporal_recency,semrf,2,3247491,11.326952141057934,1.0,3970
temporal_recency,semrf,2,3247491,14.246851385390428,1.0,3970
temporal_recency,semrf,2,3247491,17.792642983119173,1.0,3969
temporal_recency,semrf,2,3247491,22.524433249370276,1.0,3970
temporal_recency,semrf,2,3247491,29.850125944584384,1.0,3970
temporal_recency,semrf,2,3247491,47.09319899244333,1.0,3970
temporal_recency,sinusoidal,0,3161088,2.0,0.8723189502901842,3963
temporal_recency,sinusoidal,0,3161088,2.0,0.8786273025485744,3963
temporal_recency,sinusoidal,0,3161088,3.9114530776992935,0.30852674066599395,3964
temporal_recency,sinusoidal,0,3161088,5.125410042896795,0.5616956850870553,3963
temporal_recency,sinusoidal,0,3161088,7.128657921291625,0.27547931382441976,3964
temporal_recency,sinusoidal,0,3161088,8.939439818319455,0.30078223568004037,3963
temporal_recency,sinusoidal,0,3161088,11.22735301539238,0.3030532424930608,3963
temporal_recency,sinusoidal,0,3161088,14.13824419778002,0.2701816347124117,3964
temporal_recency,sinusoidal,0,3161088,17.73252586424426,0.232147363108756,3963
temporal_recency,sinusoidal,0,3161088,22.417255297679112,0.23284561049445004,3964
temporal_recency,sinusoidal,0,3161088,29.721927832450163,0.19505425182942215,3963
temporal_recency,sinusoidal,0,3161088,47.29717457114026,0.20459132189707366,3964
temporal_recency,sinusoidal,1,3161088,2.0,0.8666666666666667,3960
temporal_recency,sinusoidal,1,3161088,2.0,0.8573232323232324,3960
temporal_recency,sinusoidal,1,3161088,3.937373737373737,0.3434343434343434,3960
temporal_recency,sinusoidal,1,3161088,5.171717171717172,0.5575757575757576,3960
temporal_recency,sinusoidal,1,3161088,7.2169191919191915,0.3452020202020202,3960
temporal_recency,sinusoidal,1,3161088,9.060858585858586,0.33055555555555555,3960
temporal_recency,sinusoidal,1,3161088,11.413636363636364,0.30808080808080807,3960
temporal_recency,sinusoidal,1,3161088,14.242171717171717,0.272979797979798,3960
temporal_recency,sinusoidal,1,3161088,17.819444444444443,0.24696969696969698,3960
temporal_recency,sinusoidal,1,3161088,22.61691919191919,0.2159090909090909,3960
temporal_recency,sinusoidal,1,3161088,29.74368686868687,0.20656565656565656,3960
temporal_recency,sinusoidal,1,3161088,47.11969696969697,0.1876262626262626,3960
temporal_recency,sinusoidal,2,3161088,2.0,0.8563869992441421,3969
temporal_recency,sinusoidal,2,3161088,2.0,0.8559193954659949,3970
temporal_recency,sinusoidal,2,3161088,3.9201511335012595,0.3503778337531486,3970
temporal_recency,sinusoidal,2,3161088,5.168010075566751,0.5748110831234257,3970
temporal_recency,sinusoidal,2,3161088,7.209876543209877,0.29957168052406147,3969
temporal_recency,sinusoidal,2,3161088,9.01662468513854,0.32544080604534004,3970
temporal_recency,sinusoidal,2,3161088,11.326952141057934,0.30554156171284635,3970
temporal_recency,sinusoidal,2,3161088,14.246851385390428,0.2700251889168766,3970
temporal_recency,sinusoidal,2,3161088,17.792642983119173,0.24414210128495842,3969
temporal_recency,sinusoidal,2,3161088,22.524433249370276,0.22292191435768263,3970
temporal_recency,sinusoidal,2,3161088,29.850125944584384,0.2146095717884131,3970
temporal_recency,sinusoidal,2,3161088,47.09319899244333,0.18866498740554155,3970
temporal_recency,t5,0,3161344,2.0,1.0,3963
temporal_recency,t5,0,3161344,2.0,1.0,3963
temporal_recency,t5,0,3161344,3.9114530776992935,1.0,3964
temporal_recency,t5,0,3161344,5.125410042896795,0.9992429977289932,3963
temporal_recency,t5,0,3161344,7.128657921291625,1.0,3964
temporal_recency,t5,0,3161344,8.939439818319455,0.9997476659096644,3963
temporal_recency,t5,0,3161344,11.22735301539238,1.0,3963
temporal_recency,t5,0,3161344,14.13824419778002,1.0,3964
temporal_recency,t5,0,3161344,17.73252586424426,1.0,3963
temporal_recency,t5,0,3161344,22.417255297679112,1.0,3964
temporal_recency,t5,0,3161344,29.721927832450163,0.9997476659096644,3963
temporal_recency,t5,0,3161344,47.29717457114026,0.9997477295660948,3964
temporal_recency,t5,1,3161344,2.0,0.8757575757575757,3960
temporal_recency,t5,1,3161344,2.0,0.8717171717171717,3960
temporal_recency,t5,1,3161344,3.937373737373737,0.3797979797979798,3960
temporal_recency,t5,1,3161344,5.171717171717172,0.5911616161616161,3960
temporal_recency,t5,1,3161344,7.2169191919191915,0.3146464646464647,3960
temporal_recency,t5,1,3161344,9.060858585858586,0.3186868686868687,3960
temporal_recency,t5,1,3161344,11.413636363636364,0.29545454545454547,3960
temporal_recency,t5,1,3161344,14.242171717171717,0.26085858585858585,3960
temporal_recency,t5,1,3161344,17.819444444444443,0.2409090909090909,3960
temporal_recency,t5,1,3161344,22.61691919191919,0.22272727272727272,3960
temporal_recency,t5,1,3161344,29.74368686868687,0.21666666666666667,3960
temporal_recency,t5,1,3161344,47.11969696969697,0.18636363636363637,3960
temporal_recency,t5,2,3161344,2.0,0.872511967750063,3969
temporal_recency,t5,2,3161344,2.0,0.8773299748110831,3970
temporal_recency,t5,2,3161344,3.9201511335012595,0.38287153652392947,3970
temporal_recency,t5,2,3161344,5.168010075566751,0.6138539042821158,3970
temporal_recency,t5,2,3161344,7.209876543209877,0.30561854371378183,3969
temporal_recency,t5,2,3161344,9.01662468513854,0.3224181360201511,3970
temporal_recency,t5,2,3161344,11.326952141057934,0.30982367758186397,3970
temporal_recency,t5,2,3161344,14.246851385390428,0.2609571788413098,3970
temporal_recency,t5,2,3161344,17.792642983119173,0.23859914336104812,3969
temporal_recency,t5,2,3161344,22.524433249370276,0.22493702770780857,3970
temporal_recency,t5,2,3161344,29.850125944584384,0.21712846347607054,3970
temporal_recency,t5,2,3161344,47.09319899244333,0.17103274559193954,3970
